tender_id,source,title,department,budget,national_id_format,cross_source_overlap,other_sources,announcement_url
69099151832,BMA,จ้างทำความสะอาดโรงเรียนในสังกัดกรุงเทพมหานคร ด้วยวิธีประกวดราคาอิเล็กทรอนิกส์ (e,สำนักงานเขตทุ่งครุ,2835600.0,True,False,,https://egp2.bangkok.go.th/project-detail/f89d52ad-0161-4a49-8aac-93f8ebbb8ea2
69099145801,BMA,จัดซื้อเต็นท์ผ้าใบ จำนวน 3 รายการ ตามโครงการชุมชนเข้มแข็งพัฒนาตนเองตามหลักปรัชญา,สำนักงานเขตบางคอแหลม,113950.0,True,False,,https://egp2.bangkok.go.th/project-detail/0a4c1d79-8d3f-410e-a713-679c48eb1d96
69099055121,BMA,ซื้อโต๊ะคอมพิวเตอร์ จำนวน ๒๖ ตัว โรงเรียนฝึกอาชีพกรุงเทพมหานคร (หลวงพ่อทวีศักดิ์,สำนักพัฒนาสังคม,98800.0,True,False,,https://egp2.bangkok.go.th/project-detail/e3aae53b-7040-4089-b3d1-36e009021c32
69099000302,BMA,จ้างเหมาซ่อมเครื่องติดตามการทำงานของหัวใจ ยี่ห้อ Drager รุ่น VISTA ๑๒๐s จำนวน ๑ ,สำนักการแพทย์,1070.0,True,False,,https://egp2.bangkok.go.th/project-detail/1d364854-890c-485c-b1b5-53afb588d2fa
69089391227,BMA,ประกวดราคาซื้อชุดน้ำยาตรวจหาปริมาณสารฮีโมโกลบิน เอวันซี (Hemoglobin A๑c) จำนวน ๕,สำนักการแพทย์,3920550.0,True,False,,https://egp2.bangkok.go.th/project-detail/c47905ad-680e-4ac5-a276-ac6fc778d802
69069563391,BMA," ประกวดราคาซื้อชุดโปรแกรมป้องกันไวรัส จำนวน 1,200 ลิขสิทธิ์ ด้วยวิธีประกวดราคาอิ",สำนักการแพทย์,840000.0,True,False,,https://egp2.bangkok.go.th/project-detail/888fe437-6750-4956-a975-a18b86d2592f
69069364803,MEA,Substation Capacitor จำนวน 38 ชุด ตามรหัสจัดหาเลขที่ MP9-8935-ABX,ฝ่ายจัดหา (ฝจห.),47379600.0,True,False,,https://procurement.mea.or.th/Procurement/Detail/cf4d92a7-6d39-4574-abff-4fad4e44154b
69089203720,MEA,"ประกวดราคาจ้างทำสายเคเบิลใต้ดินตัวนำทองแดง ฉนวนครอสลิงกด์พอลิเอทิลีน (XLPE), แรง",ฝ่ายจัดหา (ฝจห.),19248658.0,True,False,,https://procurement.mea.or.th/Procurement/Detail/ea41cb13-8ca9-4a8d-990a-1d8d5aca59d0
69089348253,MEA,ประกวดราคาจ้างทำสายเคเบิลใต้ดินตัวนำทองแดง ฉนวน XLPE แรงดัน 12/20 กิโลโวลต์ ประเ,ฝ่ายจัดหา (ฝจห.),3917034.6,True,False,,https://procurement.mea.or.th/Procurement/Detail/68373fb1-8f75-4ddc-91ba-837dfdb66919
69069417552,MEA,ส่วนต่อขยาย 230 kV GIS และอุปกรณ์ประกอบอื่นๆ พร้อมติดตั้งสำหรับสถานีต้นทางชิดลม,ฝ่ายจัดหา (ฝจห.),176550000.0,True,False,,https://procurement.mea.or.th/Procurement/Detail/a4cb73ef-bb7b-43ae-acfa-3254e3f8c0db
69059432768,MEA,ประกวดราคาซื้อPortable Partial Discharge Detector จำนวน 2 ชุด ตามรหัสจัดหาเลขที่,ฝ่ายจัดหา (ฝจห.),3967560.0,True,False,,https://procurement.mea.or.th/Procurement/Detail/ec5253df-f9cf-4e1a-92da-d7651f8b0029
68109434105,MEA,ซื้อหม้อแปลงจำหน่าย ชนิดซีเอสพี (Completely Self-Protected Type) ชนิดแกนเหล็กอะม,ฝ่ายจัดหา (ฝจห.),18489600.0,True,False,,https://procurement.mea.or.th/Procurement/Detail/476201c4-3f3e-4336-99a4-1e6b378b0ea3
69089184783,MEA,ซื้อสายตัวนำทองแดงฉนวนพอลิไวนิลคลอไรด์ สำหรับเข้าอุปกรณ์ไฟฟ้า ขนาดพื้นที่หน้าตัด,ฝ่ายจัดหา (ฝจห.),5729850.0,True,False,,https://procurement.mea.or.th/Procurement/Detail/83d142fb-3b0f-4068-bf11-cc270f5d14a2
69089199543,MEA,ประกวดราคาจ้างทําสายเคเบิลใต้ดินตัวนําทองแดง ฉนวนครอสลิงก์พอลิเอทิลีน (XLPE) แรง,ฝ่ายจัดหา (ฝจห.),4891654.8,True,False,,https://procurement.mea.or.th/Procurement/Detail/02eabbdd-288f-4397-9377-61cba6da7d7d
69079306888,MEA,"24 kV, 225 kVA Pad-mounted Transformer (code 0226-106-23820) จำนวน 7 ชุด และ 12/",ฝ่ายจัดหา (ฝจห.),13718470.0,True,False,,https://procurement.mea.or.th/Procurement/Detail/dc6c43ab-0fad-473f-9ebb-d737097c2d47
69059319330,MEA,ประกวดราคาซื้อ 24 kV 20 kA RMU 2 IN 1 CB (200 A) with DMS and VT จำนวน 304 ชุด ต,ฝ่ายจัดหา (ฝจห.),305206800.0,True,False,,https://procurement.mea.or.th/Procurement/Detail/4673a922-1473-4e55-9b97-329925e87e43
69079461717,MEA,Voltage regulator เป็น Spare part,ฝ่ายจัดหา (ฝจห.),4000000.0,True,False,,https://procurement.mea.or.th/Procurement/Detail/fc7b1b0a-d196-4797-b8bb-b893fe1e8f7e
69089144833,MEA,จ้างปรับปรุงระบบจ่ายไฟฟ้าแรงสูง สำหรับอาคารบริการการผลิตและโรงเก็บแบบเหล็กหล่อผล,ฝ่ายบริการระบบไฟฟ้า (ฝบฟ.),5938500.0,True,False,,https://procurement.mea.or.th/Procurement/Detail/d35dec32-7e50-4f8b-82b3-82c485bd5286
69089123292,MEA,ประกวดราคาซื้อHexagon Head Bolt ขนาดเส้นผ่านศูนย์กลาง 5/8 นิ้ว ยาว 2 นิ้ว (Code ,ฝ่ายจัดหา (ฝจห.),3317428.0,True,False,,https://procurement.mea.or.th/Procurement/Detail/7f545879-17b3-4418-b398-e8ec3f5e3a06
69089050914,MEA,จ้างปรับปรุงระบบไฟฟ้า สำหรับระบบปรับอากาศ ที่อาคาร 594 การไฟฟ้านครหลวง เขตบางพลี,ฝ่ายบริการระบบไฟฟ้า (ฝบฟ.),2457790.0,True,False,,https://procurement.mea.or.th/Procurement/Detail/88a28f23-18b6-42ee-a20f-5947407e7b40
69089215263,MEA,Screw Cap for Use with 63 Ampere Fuse Base E33 Thread (Code 5920-369-0630) จำนวน,ฝ่ายจัดหา (ฝจห.),765050.0,True,False,,https://procurement.mea.or.th/Procurement/Detail/d9fda7ad-d1a9-4646-8d6d-5465e5755825
69089014886,MEA,"ผลิตภัณฑ์จับสายที่ปลายทางแบบเคลือบด้วยนีโอพรีน (Preformed Deadend, Neoprene Coat",ฝ่ายจัดหา (ฝจห.),13606120.0,True,False,,https://procurement.mea.or.th/Procurement/Detail/3005a67a-d37f-4b4b-94b6-a2b34b86cfdd
69029279836,MEA,ประกวดราคาซื้อMV GIS และอุปกรณ์ประกอบอื่นๆ พร้อมติดตั้งสำหรับสถานีย่อยนางเลิ้ง ต,ฝ่ายจัดหา (ฝจห.),119210840.0,True,False,,https://procurement.mea.or.th/Procurement/Detail/6b502d89-09b2-4070-a1eb-65ad1bee4bd9
69079011783,MEA,จ้างปรับปรุงติดตั้งเครื่องทำความเย็นแบบ Magnetic Bearing Oil Free จำนวน 1 Comple,ฝ่ายบริการระบบไฟฟ้า (ฝบฟ.),19431200.0,True,False,,https://procurement.mea.or.th/Procurement/Detail/7c341b07-e4f1-4c08-95e6-bbb52f45f15e
69079413504,MEA,"ซื้อSpool Insulator Class 53-2 for 600 V (Code 6155-158-53200) จำนวน 264,000 ลูก",ฝ่ายจัดหา (ฝจห.),8934842.4,True,False,,https://procurement.mea.or.th/Procurement/Detail/dc291619-5357-4482-aa55-05104664e72b
69079344764,MEA,"ประกวดราคาซื้อAngle Support Bracket (Code 5615-040-00200) จำนวน 6,000 ชุด ตามรหั",ฝ่ายจัดหา (ฝจห.),8474400.0,True,False,,https://procurement.mea.or.th/Procurement/Detail/31652338-e1e8-42a6-8264-56d879ff07d7
69069515083,MEA,ประกวดราคาซื้อClevis for Communication Cable Type C (Code 5615-035-40700) จำนวน ,ฝ่ายจัดหา (ฝจห.),11255062.5,True,False,,https://procurement.mea.or.th/Procurement/Detail/5fd5fc10-7b05-455e-90d7-304634545cbd
68079540287,PEA,จัดซื้อและอนุญาตให้ใช้สิทธิในโปรแกรมคอมพิวเตอร์ระบบบันทึกและตรวจสอบสิทธิการเข้าถ,,1435137.5,True,False,,https://bidding.pea.co.th/procurement/636cf0d2-115f-4831-9d01-aaac2e18af2d
68079235291,PEA,จัดจ้างบริการบำรุงรักษาและซ่อมแซมแก้ไขอุปกรณ์หาเส้นทางบนเครือข่ายอินเตอร์เน็ตพร้,,8727187.5,True,False,,https://bidding.pea.co.th/procurement/2879e750-895f-4528-bef0-ecfe10663719
68049056483,PEA,ประกวดราคาจ้างเหมาบริหารจัดการอาคารและสถานที่ ศูนย์ฝึกปฏิบัติการไฟฟ้าเเรงสูง ด้ว,,25991370.0,True,False,,https://bidding.pea.co.th/procurement/80712e99-917d-4469-ad0b-da3c00c1fd91
68069282846,PEA,จัดซื้อและอนุญาตให้ใช้สิทธิในโปรแกรมคอมพิวเตอร์ระบบเชื่อมต่อระหว่างเครือข่าย IPv,,9948860.0,True,False,,https://bidding.pea.co.th/procurement/6b2d3389-4a2b-433d-bbe4-6a0ac1123e91
68069387959,PEA,จัดซื้อและอนุญาตให้ใช้สิทธิในโปรแกรมคอมพิวเตอร์ระบบตรวจสอบประสิทธิภาพและความมั่น,,24620700.0,True,False,,https://bidding.pea.co.th/procurement/bc084ef6-009e-41e5-9891-a880a6bd3daa
68059384329,PEA,จัดจ้างบริการบำรุงรักษาและซ่อมแซมแก้ไขอุปกรณ์เครือข่ายแบบไร้สาย (Wireless LAN),,8346000.0,True,False,,https://bidding.pea.co.th/procurement/679c3c94-6a80-4264-8697-62fa8fc7de91
68079009174,PEA,งาน กฟส.บสพ. - สำนักงานทรัพยากรบาดาล เขต 8 (ราชบุรี) - ประปาช่องลม,,1147240.78,True,False,,https://bidding.pea.co.th/procurement/43816c7c-c6fc-463d-945b-c77b0f98bdd2
68049369217,PEA,ประกวดราคาจ้างงานจ้างเหมาปรับปรุงความมั่นคงปลอดภัยไซเบอร์สำหรับสถานีไฟฟ้า ด้วยวิ,,32207000.0,True,False,,https://bidding.pea.co.th/procurement/1cbe4fe7-a213-4c8c-b2e8-cb97e31988ce
68039042393,PEA,งานจ้างปรับปรุงหลังคาอาคาร 10 และงานต่อเติมรั้วโครงตาข่ายพร้อมหลังคาระหว่างอาคาร,,,True,False,,https://bidding.pea.co.th/procurement/6a4bc33b-6429-4067-a158-88ee8e43e85c
68059509790,PEA,จัดซื้อพัสดุขาดแคลนงานเปลี่ยนทดแทนอุปกรณ์ที่ชำรุดเสื่อมสภาพในระบบไฟฟ้า (HB.2000),,11363614.0,True,False,,https://bidding.pea.co.th/procurement/43261187-fda7-4051-829f-232322e5178c
68069452018,PEA,ประกวดราคาซื้อการจัดซื้อวัสดุก่อสร้าง งานก่อสร้างสายส่งระบบ 115 เควี ให้ บริษัท ,,4220017.34,True,False,,https://bidding.pea.co.th/procurement/e8003182-604b-4306-a5bb-beb5f3b8cfbc
67069045279,PEA,จัดซื้อชุดเชื่อมสายแรงสูง (31 รายการ) จำนวน 7 ชุด,,2996000.0,True,False,,https://bidding.pea.co.th/procurement/4a0d6681-248e-4351-9ac8-be5a9db0f4d5
68069514285,PEA,จัดซื้อพัสดุขาดแคลน สายอลูมิเนียมตีเกลียวชนิดอัดแน่นหุ้มฉนวน พีวีซี.750 โวลท์ 75,,1019752.8,True,False,,https://bidding.pea.co.th/procurement/308182ce-5edb-4bbf-8390-319322d4429e
68039416307,PEA,"งานจัดซื้อปั๊มน้ำขับเคลื่อนด้วยเครื่องยนต์ดีเซล ๖ สูบ ๔ จังหวะ ติดตั้งบนฐาน
จำน",,1900000.0,True,False,,https://bidding.pea.co.th/procurement/97f78002-38a8-4845-866a-d50a53136132
68069466533,PEA,ประกวดราคาซื้อผลิตภัณฑ์-วัสดุอุปกรณ์เข้างานก่อสร้างขยายเขตระบบจำหน่ายไฟฟ้า งาน บ,,,True,False,,https://bidding.pea.co.th/procurement/c59db8a3-cfb6-49f0-8ea5-da0cd795a356
68069189639,PEA,จัดซื้อชุดเครื่องมือสำหรับงานติดตั้งอุปกรณ์ในสถานีไฟฟ้า (จำนวน 4 รายการ) จำนวน 1,,3210000.0,True,False,,https://bidding.pea.co.th/procurement/887a9cc7-4a8c-470e-983e-d1543898f6e5
68059193892,PEA,ประกวดราคาซื้อPOLE 12.20 M. ตามแผนจัดหาประจำปี 2568 งบโครงการต่างๆ เลขที่ 68HAH0,,11175936.0,True,False,,https://bidding.pea.co.th/procurement/9a776c40-d166-4ff9-9f3d-7605baacaa32
68029198900,PEA,ประกวดราคาจ้างก่อสร้างอาคารสำนักงานพร้อมศูนย์บริการลูกค้า อาคารอยู่เวรแก้กระแสไฟ,,24118228.0,True,False,,https://bidding.pea.co.th/procurement/c6db9338-28d5-4397-bb9c-10187ed8fdaf
68069237015,PEA,จัดจ้างทำสายอลูมิเนียมแกนเหล็ก ขนาด 50/8 ตร.มม. จำนวน 465 กม. เลขที่ กจพ2-สฟ-018,,3134565.0,True,False,,https://bidding.pea.co.th/procurement/82a0482c-3d12-47e6-b2c8-b1d1a5a5e5f1
68039452730,PEA,ประกวดราคาซื้อเครื่องมือตรวจสอบความเที่ยงตรงของมิเตอร์ (Modular Three Phase Port,,2033000.0,True,False,,https://bidding.pea.co.th/procurement/f00f7fa9-937e-4067-ac9e-ec643985680b
69099095007,EGAT,งานจ้างเหมาบริการซ่อมบำรุงอาคารสถานที่และครุภัณฑ์ ประจำปี 2570-2571 ด้วยวิธีประก,รองผู้ว่าการบริหาร ผู้ช่วยผู้ว่าการจัดซื้อจัดจ้างและบริการ ฝ่ายจัดซื้อจัดจ้างและบริหารพัสดุส่วนกลาง รองผู้ว่าการบริหาร แผนกจัดซื้อจัดจ้างสายงานกลาง 4,,True,False,,https://bidding.egat.co.th/procure/project/index.php?project_id=89468
69099008096,EGAT,ประกวดราคาจ้างบริการเพื่อทำงานธุรการ โรงไฟฟ้าบางปะกง ประจำปี 2570,รองผู้ว่าการบริหาร ผู้ช่วยผู้ว่าการจัดซื้อจัดจ้างและบริการ ฝ่ายจัดซื้อจัดจ้างและบริหารพัสดุภูมิภาค รองผู้ว่าการบริหาร แผนกจัดซื้อจัดจ้างและบริหารพัสดุโรงไฟฟ้าบางปะกง,,True,False,,https://bidding.egat.co.th/procure/project/index.php?project_id=89390
69089166077,EGAT,ซื้อพัสดุสำนักงาน จำนวน 94 รายการ เลขที่ หจก3. 43/2569,รองผู้ว่าการบริหาร ผู้ช่วยผู้ว่าการจัดซื้อจัดจ้างและบริการ ฝ่ายจัดซื้อจัดจ้างและบริหารพัสดุส่วนกลาง รองผู้ว่าการบริหาร แผนกจัดซื้อจัดจ้างสายงานกลาง 3,,True,False,,https://bidding.egat.co.th/procure/project/index.php?project_id=89102
69089319487,EGAT,ประกวดราคาจ้างเหมาบริการจัดหาพนักงานขับรถยนต์ ประจำปี 2570 จำนวน 51 คน โดยมีกำหน,รองผู้ว่าการบริหาร ผู้ช่วยผู้ว่าการจัดซื้อจัดจ้างและบริการ ฝ่ายจัดซื้อจัดจ้างและบริหารพัสดุภูมิภาค รองผู้ว่าการบริหาร แผนกจัดซื้อจัดจ้างและบริหารพัสดุฝ่ายปฏิบัติการภาคเหนือ,,True,False,,https://bidding.egat.co.th/procure/project/index.php?project_id=89245
69089345457,EGAT,ซื้อเครื่องตัดหญ้าละเอียดแบบเดินตาม ขนาดกำลังเครื่องยนต์ไม่น้อยกว่า ๓.๒ แรงม้า จ,รองผู้ว่าการบริหาร ผู้ช่วยผู้ว่าการจัดซื้อจัดจ้างและบริการ ฝ่ายจัดซื้อจัดจ้างและบริหารพัสดุภูมิภาค รองผู้ว่าการบริหาร แผนกจัดซื้อจัดจ้างและบริหารพัสดุโรงไฟฟ้าพลังน้ำภาคตะวันออกเฉียงเหนือ,,True,False,,https://bidding.egat.co.th/procure/project/index.php?project_id=89281
69099044214,EGAT,งานก่อสร้างทดแทนอาคารที่ทำการเขื่อนน้ำพุง และงานปรับปรุงภูมิทัศน์ Land Scape บริ,รองผู้ว่าการบริหาร ผู้ช่วยผู้ว่าการจัดซื้อจัดจ้างและบริการ ฝ่ายจัดซื้อจัดจ้างและบริหารพัสดุภูมิภาค รองผู้ว่าการบริหาร แผนกจัดซื้อจัดจ้างและบริหารพัสดุเขื่อนภูมิพล,,True,False,,https://bidding.egat.co.th/procure/project/index.php?project_id=89364
69089735649,EGAT,ประกวดราคาจ้างเหมาบริการเพื่อทำงานด้านช่าง (ช่างซ่อมบำรุง) ศูนย์ฝึกอบรมบางปะกง ป,รองผู้ว่าการบริหาร ผู้ช่วยผู้ว่าการจัดซื้อจัดจ้างและบริการ ฝ่ายจัดซื้อจัดจ้างและบริหารพัสดุภูมิภาค รองผู้ว่าการบริหาร แผนกจัดซื้อจัดจ้างและบริหารพัสดุโรงไฟฟ้าบางปะกง,,True,False,,https://bidding.egat.co.th/procure/project/index.php?project_id=89367
69099002602,EGAT,ประกวดราคาซื้อพัสดุอุปกรณ์ Safety จำนวน 17 รายการ เลขที่ หจก3. 47/2569 ด้วยวิธีป,รองผู้ว่าการบริหาร ผู้ช่วยผู้ว่าการจัดซื้อจัดจ้างและบริการ ฝ่ายจัดซื้อจัดจ้างและบริหารพัสดุส่วนกลาง รองผู้ว่าการบริหาร แผนกจัดซื้อจัดจ้างสายงานกลาง 3,,True,False,,https://bidding.egat.co.th/procure/project/index.php?project_id=89368
69089111971,EGAT,ประกวดราคาจ้างงานจ้างบริการเพื่อทำงานทำความสะอาด จำนวน 13 คน โรงไฟฟ้าภาคใต้ จ.กร,รองผู้ว่าการบริหาร ผู้ช่วยผู้ว่าการจัดซื้อจัดจ้างและบริการ ฝ่ายจัดซื้อจัดจ้างและบริหารพัสดุภูมิภาค รองผู้ว่าการบริหาร แผนกจัดซื้อจัดจ้างและบริหารพัสดุโรงไฟฟ้าภาคใต้,,True,False,,https://bidding.egat.co.th/procure/project/index.php?project_id=89376
69089585342,EGAT,ประกวดราคาเช่ายานพาหนะ จำนวน 7 รายการ (1000427601) ด้วยวิธีประกวดราคาอิเล็กทรอนิ,รองผู้ว่าการบริหาร ผู้ช่วยผู้ว่าการจัดซื้อจัดจ้างและบริการ ฝ่ายจัดซื้อจัดจ้างและบริหารพัสดุภูมิภาค รองผู้ว่าการบริหาร แผนกจัดซื้อจัดจ้างเหมืองแม่เมาะ,,True,False,,https://bidding.egat.co.th/procure/project/index.php?project_id=89379
69089594748,EGAT,จ้างบริการเพื่อทำงานสำนักงาน ปี 2570 จำนวน 18 คน (อปล.) เลขที่ หจปล. 22/2569 ด้ว,รองผู้ว่าการบริหาร ผู้ช่วยผู้ว่าการจัดซื้อจัดจ้างและบริการ ฝ่ายจัดซื้อจัดจ้างและบริหารพัสดุภูมิภาค รองผู้ว่าการบริหาร แผนกจัดซื้อจัดจ้างและบริหารพัสดุฝ่ายปฏิบัติการเขตนครหลวง,,True,False,,https://bidding.egat.co.th/procure/project/index.php?project_id=89380
69069058841,EGAT,ประกวดราคาจ้างซ่อม Thrust Bearing โรงไฟฟ้าเขื่อนอุบลรัตน์ เครื่องที่ 1 จำนวน 1 ง,รองผู้ว่าการบริหาร ผู้ช่วยผู้ว่าการจัดซื้อจัดจ้างและบริการ ฝ่ายจัดซื้อจัดจ้างและบริหารพัสดุภูมิภาค รองผู้ว่าการบริหาร แผนกจัดซื้อจัดจ้างและบริหารพัสดุโรงไฟฟ้าพลังน้ำภาคตะวันออกเฉียงเหนือ,,True,False,,https://bidding.egat.co.th/procure/project/index.php?project_id=89384
69089605827,EGAT,ประกวดราคาจ้างงานจ้างเหมาบริการเพื่อทำงานด้านช่าง การไฟฟ้าฝ่ายผลิตแห่งประเทศไทย ,รองผู้ว่าการบริหาร ผู้ช่วยผู้ว่าการจัดซื้อจัดจ้างและบริการ ฝ่ายจัดซื้อจัดจ้างและบริหารพัสดุภูมิภาค รองผู้ว่าการบริหาร แผนกจัดซื้อจัดจ้างและบริหารพัสดุโรงไฟฟ้าภาคใต้,,True,False,,https://bidding.egat.co.th/procure/project/index.php?project_id=89383
69069569231,EGAT,ประกวดราคาซื้อ งานจัดซื้อกระเบื้องคอนกรีตปูพื้นภายนอกและบล็อกคอนกรีตนำทาง เลขที่,การไฟฟ้าฝ่ายผลิตแห่งประเทศไทย โรงไฟฟ้าแม่เมาะ,,True,False,,https://bidding.egat.co.th/procure/project/index.php?project_id=89433
69059299543,EGAT,ประกวดราคาเช่ารถยนต์ จำนวน 27 คัน ระยะเวลา 60 เดือน (5 ปี) ตั้งแต่วันที่ 1 มกราค,รองผู้ว่าการบริหาร ผู้ช่วยผู้ว่าการจัดซื้อจัดจ้างและบริการ ฝ่ายจัดซื้อจัดจ้างและบริหารพัสดุภูมิภาค รองผู้ว่าการบริหาร แผนกจัดซื้อจัดจ้างและบริหารพัสดุโรงไฟฟ้าพลังน้ำภาคตะวันออกเฉียงเหนือ,,True,False,,https://bidding.egat.co.th/procure/project/index.php?project_id=89223
69099078742,EGAT,ประกวดราคาซื้อปรับปรุง Vibration monitoring รฟ.เขื่อนอุบลรัตน์ เครื่องที่ 1 เลขท,รองผู้ว่าการบริหาร ผู้ช่วยผู้ว่าการจัดซื้อจัดจ้างและบริการ ฝ่ายจัดซื้อจัดจ้างและบริหารพัสดุภูมิภาค รองผู้ว่าการบริหาร แผนกจัดซื้อจัดจ้างและบริหารพัสดุโรงไฟฟ้าพลังน้ำภาคตะวันออกเฉียงเหนือ,,True,False,,https://bidding.egat.co.th/procure/project/index.php?project_id=89361
69099013121,EGAT,จ้างก่อสร้างป้ายจารึกพระราชดํารัส รัชกาลที่ ๑๐ เขื่อนสิรินธรและเขื่อนปากมูล โดยว,รองผู้ว่าการบริหาร ผู้ช่วยผู้ว่าการจัดซื้อจัดจ้างและบริการ ฝ่ายจัดซื้อจัดจ้างและบริหารพัสดุภูมิภาค รองผู้ว่าการบริหาร แผนกจัดซื้อจัดจ้างและบริหารพัสดุโรงไฟฟ้าพลังน้ำภาคตะวันออกเฉียงเหนือ,,True,False,,https://bidding.egat.co.th/procure/project/index.php?project_id=89360
69089245902,EGAT,ประกวดราคาซื้อพร้อมติดตั้งงานปรับปรุงระบบ CCTV กองโรงไฟฟ้าเขื่อนสิรินธร ด้วยวิธี,รองผู้ว่าการบริหาร ผู้ช่วยผู้ว่าการจัดซื้อจัดจ้างและบริการ ฝ่ายจัดซื้อจัดจ้างและบริหารพัสดุภูมิภาค รองผู้ว่าการบริหาร แผนกจัดซื้อจัดจ้างและบริหารพัสดุโรงไฟฟ้าพลังน้ำภาคตะวันออกเฉียงเหนือ,,True,False,,https://bidding.egat.co.th/procure/project/index.php?project_id=89359
69089575661,EGAT,ประกวดราคาจ้างเหมาบริการเพื่อทำงานด้านช่างสำรวจ ประจำปี ๒๕๗๐ ด้วยวิธีประกวดราคาอ,รองผู้ว่าการบริหาร ผู้ช่วยผู้ว่าการจัดซื้อจัดจ้างและบริการ ฝ่ายจัดซื้อจัดจ้างและบริหารพัสดุส่วนกลาง รองผู้ว่าการบริหาร,,True,False,,https://bidding.egat.co.th/procure/project/index.php?project_id=89342
69089668784,EGAT,ประกวดราคาจ้างเหมาบริการจัดหาพนักงานขับรถยนต์ ศูนย์ฝึกอบรมบางปะกง ประจำปี 2570,รองผู้ว่าการบริหาร ผู้ช่วยผู้ว่าการจัดซื้อจัดจ้างและบริการ ฝ่ายจัดซื้อจัดจ้างและบริหารพัสดุภูมิภาค รองผู้ว่าการบริหาร แผนกจัดซื้อจัดจ้างและบริหารพัสดุโรงไฟฟ้าบางปะกง,,True,False,,https://bidding.egat.co.th/procure/project/index.php?project_id=89344
69089615410,EGAT,งานจ้างเหมาบริการเพื่อทำงานติดตั้งอุปกรณ์พิธีการ ประจำปี 2570 เลขที่ หจก4. 47/25,รองผู้ว่าการบริหาร ผู้ช่วยผู้ว่าการจัดซื้อจัดจ้างและบริการ ฝ่ายจัดซื้อจัดจ้างและบริหารพัสดุส่วนกลาง รองผู้ว่าการบริหาร แผนกจัดซื้อจัดจ้างสายงานกลาง 4,,True,False,,https://bidding.egat.co.th/procure/project/index.php?project_id=89340
69089109163,EGAT,ประกวดราคาจ้างงานจ้างเหมาบริการเพื่อทำงานด้านช่าง ประจำปี 2570 เลขที่ หจก4. 38/2,รองผู้ว่าการบริหาร ผู้ช่วยผู้ว่าการจัดซื้อจัดจ้างและบริการ ฝ่ายจัดซื้อจัดจ้างและบริหารพัสดุส่วนกลาง รองผู้ว่าการบริหาร แผนกจัดซื้อจัดจ้างสายงานกลาง 4,,True,False,,https://bidding.egat.co.th/procure/project/index.php?project_id=89166
69089024309,EGAT,ประกวดราคาจ้างจ้างเหมารถ พร้อมพนักงานขับรถ เพื่อบริการรับ-ส่งพนักงานเดินเครื่องโ,รองผู้ว่าการบริหาร ผู้ช่วยผู้ว่าการจัดซื้อจัดจ้างและบริการ ฝ่ายจัดซื้อจัดจ้างและบริหารพัสดุภูมิภาค รองผู้ว่าการบริหาร แผนกจัดซื้อจัดจ้างและบริหารพัสดุโรงไฟฟ้าพระนครใต้,,True,False,,https://bidding.egat.co.th/procure/project/index.php?project_id=89268
69089134829,EGAT,เช่ารถยนต์พร้อมพนักงานขับรถของโครงการ อค-กส. ด้วยวิธีประกวดราคาอิเล็กทรอนิกส์ (e,รองผู้ว่าการพัฒนาระบบส่ง ผู้ช่วยผู้ว่าการก่อสร้างระบบส่ง โครงการก่อสร้างขยายและเสริมความมั่นคงระบบส่งไฟฟ้า รองผู้ว่าการพัฒนาระบบส่ง,,True,False,,https://bidding.egat.co.th/procure/project/index.php?project_id=89298
69089661309,EGAT,ประกวดราคาจ้างเหมาบริการเพื่อทำงานรับส่งเอกสาร สิ่งของ และทำความสะอาด ประจำปี 25,รองผู้ว่าการบริหาร ผู้ช่วยผู้ว่าการจัดซื้อจัดจ้างและบริการ ฝ่ายจัดซื้อจัดจ้างและบริหารพัสดุส่วนกลาง รองผู้ว่าการบริหาร,,True,False,,https://bidding.egat.co.th/procure/project/index.php?project_id=89308
69089716394,EGAT,ประกวดราคาเช่ารถยนต์ จำนวน 3 คัน พร้อมติดตั้งระบบบันทึกติดตามข้อมูลการใช้งานของร,รองผู้ว่าการพัฒนาระบบส่ง ผู้ช่วยผู้ว่าการก่อสร้างระบบส่ง โครงการก่อสร้างระบบส่งไฟฟ้าเพื่อรับไฟฟ้าจากโรงไฟฟ้าเอกชน รองผู้ว่าการพัฒนาระบบส่ง หมวดจัดหา,,True,False,,https://bidding.egat.co.th/procure/project/index.php?project_id=89323
69089535898,EGAT,ประกวดราคาจ้างเหมาบริการเพื่อทำงานรับ-ส่งเอกสาร สิ่งของ และทำความสะอาด กฟผ. สำนั,รองผู้ว่าการบริหาร ผู้ช่วยผู้ว่าการจัดซื้อจัดจ้างและบริการ ฝ่ายจัดซื้อจัดจ้างและบริหารพัสดุส่วนกลาง รองผู้ว่าการบริหาร แผนกจัดซื้อจัดจ้างสายงานธุรกิจเกี่ยวเนื่อง 2,,True,False,,https://bidding.egat.co.th/procure/project/index.php?project_id=89332
69089707656,EGAT,ซื้อสิทธิ์การใช้งาน V-Ray Premium (floating) และ Enscape Premium (floating)  เลข,รองผู้ว่าการบริหาร ผู้ช่วยผู้ว่าการจัดซื้อจัดจ้างและบริการ ฝ่ายจัดซื้อจัดจ้างและบริหารพัสดุส่วนกลาง รองผู้ว่าการบริหาร แผนกจัดซื้อจัดจ้างสายงานกลาง 1,,True,False,,https://bidding.egat.co.th/procure/project/index.php?project_id=89333
69089450153,EGAT,ประกวดราคาจ้างงานจ้างเหมาบริการทางการแพทย์และอนามัยประจำปี 2570 เลขที่ หจก4. 46/,รองผู้ว่าการบริหาร ผู้ช่วยผู้ว่าการจัดซื้อจัดจ้างและบริการ ฝ่ายจัดซื้อจัดจ้างและบริหารพัสดุส่วนกลาง รองผู้ว่าการบริหาร แผนกจัดซื้อจัดจ้างสายงานกลาง 4,,True,False,,https://bidding.egat.co.th/procure/project/index.php?project_id=89302
69089622953,EGAT,ประกวดราคาเช่าพร้อมติดตั้งเครื่องบันทึกข้อมูลการเดินทาง (GPS) ของเครื่องจักรกลแล,รองผู้ว่าการบริหาร ผู้ช่วยผู้ว่าการจัดซื้อจัดจ้างและบริการ ฝ่ายจัดซื้อจัดจ้างและบริหารพัสดุส่วนกลาง รองผู้ว่าการบริหาร แผนกจัดซื้อจัดจ้างสายงานกลาง 3,,True,False,,https://bidding.egat.co.th/procure/project/index.php?project_id=89312
69089584603,EGAT,ประกวดราคาจ้างเหมารถบดล้อเรียบและรถบดล้อยาง จำนวน 1 งาน (1200202522),รองผู้ว่าการบริหาร ผู้ช่วยผู้ว่าการจัดซื้อจัดจ้างและบริการ ฝ่ายจัดซื้อจัดจ้างและบริหารพัสดุภูมิภาค รองผู้ว่าการบริหาร แผนกจัดซื้อจัดจ้างเหมืองแม่เมาะ,,True,False,,https://bidding.egat.co.th/procure/project/index.php?project_id=89314
69089386943,EGAT,ซื้อรองเท้านิรภัย (Safety Shoes) ประจำปี 2569 ครั้งที่ 2,รองผู้ว่าการบริหาร ผู้ช่วยผู้ว่าการจัดซื้อจัดจ้างและบริการ ฝ่ายจัดซื้อจัดจ้างและบริหารพัสดุภูมิภาค รองผู้ว่าการบริหาร แผนกจัดซื้อจัดจ้างและบริหารพัสดุเขื่อนสิริกิติ์,,True,False,,https://bidding.egat.co.th/procure/project/index.php?project_id=89301
69089081534,EGAT,"จ้างเหมาบริการเพื่อทำงานประชาสัมพันธ์ ประจำปี 2570 
เลขที่ หจก4. 39/2569 ด้วยวิ",รองผู้ว่าการบริหาร ผู้ช่วยผู้ว่าการจัดซื้อจัดจ้างและบริการ ฝ่ายจัดซื้อจัดจ้างและบริหารพัสดุส่วนกลาง รองผู้ว่าการบริหาร แผนกจัดซื้อจัดจ้างสายงานกลาง 4,,True,False,,https://bidding.egat.co.th/procure/project/index.php?project_id=89138
69089195153,EGAT,ประกวดราคาจ้างเหมาบริการเพื่อทำงานห้องอบรม/ห้องประชุม ประจำปี 2570 เลขที่ หจก4. ,รองผู้ว่าการบริหาร ผู้ช่วยผู้ว่าการจัดซื้อจัดจ้างและบริการ ฝ่ายจัดซื้อจัดจ้างและบริหารพัสดุส่วนกลาง รองผู้ว่าการบริหาร แผนกจัดซื้อจัดจ้างสายงานกลาง 4,,True,False,,https://bidding.egat.co.th/procure/project/index.php?project_id=89154
69089318317,EGAT,ประกวดราคาซื้อ งานติดตั้งระบบสูบน้ำไปยังอ่างเก็บน้ำบนสวนเฉลิมพระเกียรติฯ จำนวน 1,รองผู้ว่าการบริหาร ผู้ช่วยผู้ว่าการจัดซื้อจัดจ้างและบริการ ฝ่ายจัดซื้อจัดจ้างและบริหารพัสดุภูมิภาค รองผู้ว่าการบริหาร แผนกจัดซื้อจัดจ้างเหมืองแม่เมาะ,,True,False,,https://bidding.egat.co.th/procure/project/index.php?project_id=89231
69089593797,EGAT,งานจ้างเหมาบริการ งานให้บริการข้อมูลข่าวสารและประชาสัมพันธ์ จำนวน 3 คน เริ่มสัญญ,รองผู้ว่าการบริหาร ผู้ช่วยผู้ว่าการจัดซื้อจัดจ้างและบริการ ฝ่ายจัดซื้อจัดจ้างและบริหารพัสดุส่วนกลาง รองผู้ว่าการบริหาร,,True,False,,https://bidding.egat.co.th/procure/project/index.php?project_id=89286
69089591761,EGAT,ประกวดราคาซื้อกระดาษเช็ดมือชนิดแผ่นสีขาว หนา 2 ชั้น เลขที่ หจก3. 48/2569  ด้วยวิ,รองผู้ว่าการบริหาร ผู้ช่วยผู้ว่าการจัดซื้อจัดจ้างและบริการ ฝ่ายจัดซื้อจัดจ้างและบริหารพัสดุส่วนกลาง รองผู้ว่าการบริหาร แผนกจัดซื้อจัดจ้างสายงานกลาง 3,,True,False,,https://bidding.egat.co.th/procure/project/index.php?project_id=89292
69089078364,EGAT,"งานจ้างเหมาบริการเพื่อทำงานธุรการ ประจำปี 2570 
เลขที่ หจก4. 35/2569 ด้วยวิธีปร",รองผู้ว่าการบริหาร ผู้ช่วยผู้ว่าการจัดซื้อจัดจ้างและบริการ ฝ่ายจัดซื้อจัดจ้างและบริหารพัสดุส่วนกลาง รองผู้ว่าการบริหาร แผนกจัดซื้อจัดจ้างสายงานกลาง 4,,True,False,,https://bidding.egat.co.th/procure/project/index.php?project_id=89127
69069566066,EGAT,ประกวดราคาจ้างก่อสร้างโครงการปรับปรุงบ้านพักรับรองภูแก้ว เขื่อนภูมิพล และรายการอ,รองผู้ว่าการบริหาร ผู้ช่วยผู้ว่าการจัดซื้อจัดจ้างและบริการ ฝ่ายจัดซื้อจัดจ้างและบริหารพัสดุภูมิภาค รองผู้ว่าการบริหาร แผนกจัดซื้อจัดจ้างและบริหารพัสดุเขื่อนภูมิพล,,True,False,,https://bidding.egat.co.th/procure/project/index.php?project_id=89172
69089475658,EGAT,ซื้อกระดาษชำระจัมโบ้โรลสีขาว&nbsp;หนา 1 ชั้น ที่เป็นมิตรกับสิ่งแวดล้อม เลขที่ หจ,รองผู้ว่าการบริหาร ผู้ช่วยผู้ว่าการจัดซื้อจัดจ้างและบริการ ฝ่ายจัดซื้อจัดจ้างและบริหารพัสดุส่วนกลาง รองผู้ว่าการบริหาร แผนกจัดซื้อจัดจ้างสายงานกลาง 3,,True,False,,https://bidding.egat.co.th/procure/project/index.php?project_id=89270
69089445598,EGAT,ประกวดราคาจ้างก่อสร้างงานจ้างขุดลอกกองดิน-กองหิน บริเวณท้ายน้ำเขื่อนบางลาง การไฟ,รองผู้ว่าการบริหาร ผู้ช่วยผู้ว่าการจัดซื้อจัดจ้างและบริการ ฝ่ายจัดซื้อจัดจ้างและบริหารพัสดุภูมิภาค รองผู้ว่าการบริหาร แผนกจัดซื้อจัดจ้างและบริหารพัสดุเขื่อนรัชชประภา,,True,False,,https://bidding.egat.co.th/procure/project/index.php?project_id=89274
69089401991,EGAT,ประกวดราคาจ้างงานจ้างบริการเพื่อทำงานรับ-ส่งเอกสาร สิ่งของ โรงไฟฟ้าภาคใต้ จ.กระบ,รองผู้ว่าการบริหาร ผู้ช่วยผู้ว่าการจัดซื้อจัดจ้างและบริการ ฝ่ายจัดซื้อจัดจ้างและบริหารพัสดุภูมิภาค รองผู้ว่าการบริหาร แผนกจัดซื้อจัดจ้างและบริหารพัสดุโรงไฟฟ้าภาคใต้,,True,False,,https://bidding.egat.co.th/procure/project/index.php?project_id=89280
69089450502,EGAT,ประกวดราคาจ้างบริการเพื่อทำงานสนามกอล์ฟ จำนวน 2 คน โรงไฟฟ้าภาคใต้ จ.กระบี่ ประจำ,รองผู้ว่าการบริหาร ผู้ช่วยผู้ว่าการจัดซื้อจัดจ้างและบริการ ฝ่ายจัดซื้อจัดจ้างและบริหารพัสดุภูมิภาค รองผู้ว่าการบริหาร แผนกจัดซื้อจัดจ้างและบริหารพัสดุโรงไฟฟ้าภาคใต้,,True,False,,https://bidding.egat.co.th/procure/project/index.php?project_id=89284
69089431233,EGAT,งานจ้างเหมาบริการเพื่อทำงานตรวจสอบ คัดแยก รับ-ส่งเอกสารไปรษณียภัณฑ์ ประจำปี 2570,รองผู้ว่าการบริหาร ผู้ช่วยผู้ว่าการจัดซื้อจัดจ้างและบริการ ฝ่ายจัดซื้อจัดจ้างและบริหารพัสดุส่วนกลาง รองผู้ว่าการบริหาร แผนกจัดซื้อจัดจ้างสายงานกลาง 4,,True,False,,https://bidding.egat.co.th/procure/project/index.php?project_id=89227
69089181524,EGAT,งานจ้างบำรุงรักษาเครื่องปรับอากาศแบบ Split Type โรงไฟฟ้าแม่เมาะ ปี 2569-2571 เลข,รองผู้ว่าการบริหาร ผู้ช่วยผู้ว่าการจัดซื้อจัดจ้างและบริการ ฝ่ายจัดซื้อจัดจ้างและบริหารพัสดุภูมิภาค รองผู้ว่าการบริหาร แผนกจัดซื้อจัดจ้างโรงไฟฟ้าแม่เมาะ,,True,False,,https://bidding.egat.co.th/procure/project/index.php?project_id=89257
69089245801,EGAT,ซื้ออาหารสัตว์น้ำ เพื่อเลี้ยงพ่อ-แม่พันธุ์ปลา อนุบาลลูกปลา จำนวน ๒ รายการ กองโรง,รองผู้ว่าการบริหาร ผู้ช่วยผู้ว่าการจัดซื้อจัดจ้างและบริการ ฝ่ายจัดซื้อจัดจ้างและบริหารพัสดุภูมิภาค รองผู้ว่าการบริหาร แผนกจัดซื้อจัดจ้างและบริหารพัสดุโรงไฟฟ้าพลังน้ำภาคตะวันออกเฉียงเหนือ,,True,False,,https://bidding.egat.co.th/procure/project/index.php?project_id=89256
69089043588,EGAT,"ประกวดราคาซื้องานซื้อรถดับเพลิง ขนาดความจุ ๔,๐๐๐ ลิตร พร้อมระบบโฟม แบบขับเคลื่อน",รองผู้ว่าการบริหาร ผู้ช่วยผู้ว่าการจัดซื้อจัดจ้างและบริการ ฝ่ายจัดซื้อจัดจ้างและบริหารพัสดุภูมิภาค รองผู้ว่าการบริหาร แผนกจัดซื้อจัดจ้างและบริหารพัสดุโรงไฟฟ้าจะนะ,,True,False,,https://bidding.egat.co.th/procure/project/index.php?project_id=89082
69089274216,EGAT,ประกวดราคาจ้างเหมาบริการเพื่อทำงานด้านศิลปกรรม ประจำปี 2570 เลขที่ หจก4. 45/2569,รองผู้ว่าการบริหาร ผู้ช่วยผู้ว่าการจัดซื้อจัดจ้างและบริการ ฝ่ายจัดซื้อจัดจ้างและบริหารพัสดุส่วนกลาง รองผู้ว่าการบริหาร แผนกจัดซื้อจัดจ้างสายงานกลาง 4,,True,False,,https://bidding.egat.co.th/procure/project/index.php?project_id=89156
69089270122,EGAT,ประกวดราคาจ้างตัดเย็บเครื่องแต่งกายของผู้ปฏิบัติงาน กฟผ. สังกัด ชธธ. และ อกธ. ปร,รองผู้ว่าการบริหาร ผู้ช่วยผู้ว่าการจัดซื้อจัดจ้างและบริการ ฝ่ายจัดซื้อจัดจ้างและบริหารพัสดุส่วนกลาง รองผู้ว่าการบริหาร แผนกจัดซื้อจัดจ้างสายงานธุรกิจเกี่ยวเนื่อง 4,,True,False,,https://bidding.egat.co.th/procure/project/index.php?project_id=89250
69089320992,EGAT,ซื้อยาเพื่อนำเข้าสำรองคลังแบบ Forward Purchasing Agreement ชุดที่ 1 ประจำปี 2569,รองผู้ว่าการบริหาร ผู้ช่วยผู้ว่าการจัดซื้อจัดจ้างและบริการ ฝ่ายจัดซื้อจัดจ้างและบริหารพัสดุส่วนกลาง รองผู้ว่าการบริหาร แผนกจัดซื้อจัดจ้างสายงานกลาง 1,,True,False,,https://bidding.egat.co.th/procure/project/index.php?project_id=89247
69079420451,EGAT,ขออนุมัติยกเลิกงานซื้อเครื่องบริโภคบรรจุถุงยังชีพ  เพื่อให้ความช่วยเหลือบรรเทาสา,รองผู้ว่าการบริหาร ผู้ช่วยผู้ว่าการจัดซื้อจัดจ้างและบริการ ฝ่ายจัดซื้อจัดจ้างและบริหารพัสดุส่วนกลาง รองผู้ว่าการบริหาร แผนกจัดซื้อจัดจ้างสายงานกลาง 1,,True,False,,https://bidding.egat.co.th/procure/project/index.php?project_id=89241
69089127505,EGAT,งานจ้างเหมาบริการเพื่อทำงานด้านคอมพิวเตอร์ ประจำปี 2570 เลขที่ หจก4. 40/2569 ด้ว,รองผู้ว่าการบริหาร ผู้ช่วยผู้ว่าการจัดซื้อจัดจ้างและบริการ ฝ่ายจัดซื้อจัดจ้างและบริหารพัสดุส่วนกลาง รองผู้ว่าการบริหาร แผนกจัดซื้อจัดจ้างสายงานกลาง 4,,True,False,,https://bidding.egat.co.th/procure/project/index.php?project_id=89109
69089009848,EGAT,ประกวดราคาจ้างเหมาบริการจัดหาพนักงานขับรถยนต์ ประจำปี 2570 เลขที่ หจก4. 37/2569 ,รองผู้ว่าการบริหาร ผู้ช่วยผู้ว่าการจัดซื้อจัดจ้างและบริการ ฝ่ายจัดซื้อจัดจ้างและบริหารพัสดุส่วนกลาง รองผู้ว่าการบริหาร แผนกจัดซื้อจัดจ้างสายงานกลาง 4,,True,False,,https://bidding.egat.co.th/procure/project/index.php?project_id=89112
69089284668,EGAT,ประกวดราคาจ้างงานจ้างเหมาบริการเพื่อทำงานร้านอาหาร/เครื่องดื่ม ประจำปี 2570 เลขท,รองผู้ว่าการบริหาร ผู้ช่วยผู้ว่าการจัดซื้อจัดจ้างและบริการ ฝ่ายจัดซื้อจัดจ้างและบริหารพัสดุส่วนกลาง รองผู้ว่าการบริหาร แผนกจัดซื้อจัดจ้างสายงานกลาง 4,,True,False,,https://bidding.egat.co.th/procure/project/index.php?project_id=89207
69089523071,EGAT,ซื้อชุดเครื่องเสียงและไมโครโฟนสำหรับห้องประชุมพร้อมติดตั้ง จำนวน 2 ชุด เลขที่ หจ,รองผู้ว่าการบริหาร ผู้ช่วยผู้ว่าการจัดซื้อจัดจ้างและบริการ ฝ่ายจัดซื้อจัดจ้างและบริหารพัสดุภูมิภาค รองผู้ว่าการบริหาร แผนกจัดซื้อจัดจ้างและบริหารพัสดุฝ่ายปฏิบัติการเขตนครหลวง,,True,False,,https://bidding.egat.co.th/procure/project/index.php?project_id=89220
69089395456,EGAT,งานจัดซื้อคอนกรีตผสมเสร็จกำลังอัดประลัย ไม่น้อยกว่า 325 KSC (CUBE) เลขที่ หจฟม-ห,รองผู้ว่าการบริหาร ผู้ช่วยผู้ว่าการจัดซื้อจัดจ้างและบริการ ฝ่ายจัดซื้อจัดจ้างและบริหารพัสดุภูมิภาค รองผู้ว่าการบริหาร แผนกจัดซื้อจัดจ้างโรงไฟฟ้าแม่เมาะ,,True,False,,https://bidding.egat.co.th/procure/project/index.php?project_id=89225
69089124755,EGAT,ประกวดราคาจ้างงานจ้างบริการเพื่อทำงานธุรการ การไฟฟ้าฝ่ายผลิตแห่งประเทศไทย โรงไฟฟ,รองผู้ว่าการบริหาร ผู้ช่วยผู้ว่าการจัดซื้อจัดจ้างและบริการ ฝ่ายจัดซื้อจัดจ้างและบริหารพัสดุภูมิภาค รองผู้ว่าการบริหาร แผนกจัดซื้อจัดจ้างและบริหารพัสดุโรงไฟฟ้าภาคใต้,,True,False,,https://bidding.egat.co.th/procure/project/index.php?project_id=89239
69089433741,EGAT,จ้างทวนสอบรายงานเพื่อการพัฒนาอย่างยั่งยืน กฟผ. ประจำปี 2569 โดยวิธีคัดเลือก,รองผู้ว่าการบริหาร ผู้ช่วยผู้ว่าการจัดซื้อจัดจ้างและบริการ ฝ่ายจัดซื้อจัดจ้างและบริหารพัสดุส่วนกลาง รองผู้ว่าการบริหาร แผนกจัดซื้อจัดจ้างสายงานกลาง 2,,True,False,,https://bidding.egat.co.th/procure/project/index.php?project_id=89212
69089531828,EGAT,จ้างบริการเพื่อทำงานในโครงการปรับปรุงสายส่งรองรับงานพัฒนาระบบคมนาคมภาครัฐขนาดใหญ,รองผู้ว่าการปฏิบัติการระบบส่ง ผู้ช่วยผู้ว่าการปฏิบัติการและบริหารสินทรัพย์ระบบส่ง โครงการปรับปรุงสายส่งรองรับงานพัฒนาระบบคมนาคมภาครัฐขนาดใหญ่ รองผู้ว่าการปฏิบัติการระบบส่ง หมวดจัดซื้อจัดจ้าง,,True,False,,https://bidding.egat.co.th/procure/project/index.php?project_id=89214
69079553765,EGAT,ซื้อเพื่อปรับปรุงระบบโทรมาตรเขื่อนอุลรัตน์ จำนวน 10 ชุด เลขที่ หจฟอ-ห.(ซ.) 25/25,รองผู้ว่าการบริหาร ผู้ช่วยผู้ว่าการจัดซื้อจัดจ้างและบริการ ฝ่ายจัดซื้อจัดจ้างและบริหารพัสดุภูมิภาค รองผู้ว่าการบริหาร แผนกจัดซื้อจัดจ้างและบริหารพัสดุโรงไฟฟ้าพลังน้ำภาคตะวันออกเฉียงเหนือ,,True,False,,https://bidding.egat.co.th/procure/project/index.php?project_id=89216
69089373823,EGAT,ประกวดราคาซื้อหน้ากากกรองฝุ่น จำนวน 3 รายการ  เลขที่ หจก3. 45/2569  ด้วยวิธีประก,รองผู้ว่าการบริหาร ผู้ช่วยผู้ว่าการจัดซื้อจัดจ้างและบริการ ฝ่ายจัดซื้อจัดจ้างและบริหารพัสดุส่วนกลาง รองผู้ว่าการบริหาร แผนกจัดซื้อจัดจ้างสายงานกลาง 3,,True,False,,https://bidding.egat.co.th/procure/project/index.php?project_id=89204
69089308405,EGAT,ประกวดราคาซื้อพัสดุบำรุงรักษา (น้ำยาชนิดต่าง ๆ) จำนวน 22 รายการ เลขที่ หจก3. 44/,รองผู้ว่าการบริหาร ผู้ช่วยผู้ว่าการจัดซื้อจัดจ้างและบริการ ฝ่ายจัดซื้อจัดจ้างและบริหารพัสดุส่วนกลาง รองผู้ว่าการบริหาร แผนกจัดซื้อจัดจ้างสายงานกลาง 3,,True,False,,https://bidding.egat.co.th/procure/project/index.php?project_id=89206
69079274547,EGAT,"ประกวดราคาจ้างก่อสร้างถนน คสล. ขนาดประมาณ 4x101 เมตร บริเวณหน้าบ้านพัก, งานระบบไ",รองผู้ว่าการบริหาร ผู้ช่วยผู้ว่าการจัดซื้อจัดจ้างและบริการ ฝ่ายจัดซื้อจัดจ้างและบริหารพัสดุภูมิภาค รองผู้ว่าการบริหาร แผนกจัดซื้อจัดจ้างและบริหารพัสดุฝ่ายปฏิบัติการภาคเหนือ,,True,False,,https://bidding.egat.co.th/procure/project/index.php?project_id=89188
69089441038,EGAT,จ้างเหมาบริการรักษาความปลอดภัย พื้นที่สำนักงานกลาง ปี 2569 (1 กันยายน 2569 - 31 ,รองผู้ว่าการบริหาร ผู้ช่วยผู้ว่าการจัดซื้อจัดจ้างและบริการ ฝ่ายจัดซื้อจัดจ้างและบริหารพัสดุส่วนกลาง รองผู้ว่าการบริหาร แผนกจัดซื้อจัดจ้างสายงานกลาง 2,,True,False,,https://bidding.egat.co.th/procure/project/index.php?project_id=89195
69089184080,EGAT,ประกวดราคาซื้องานซื้อพร้อมติดตั้งระบบไฟฟ้าและแสงสว่างเวที ห้อง Auditorium โรงไฟฟ,รองผู้ว่าการบริหาร ผู้ช่วยผู้ว่าการจัดซื้อจัดจ้างและบริการ ฝ่ายจัดซื้อจัดจ้างและบริหารพัสดุภูมิภาค รองผู้ว่าการบริหาร แผนกจัดซื้อจัดจ้างและบริหารพัสดุโรงไฟฟ้าพระนครใต้,,True,False,,https://bidding.egat.co.th/procure/project/index.php?project_id=89105
69089033555,EGAT,งานซื้อพร้อมติดตั้งงาน ปรับปรุง Protection Relay โรงไฟฟ้าเขื่อนห้วยกุ่ม (จำนวน 1,รองผู้ว่าการบริหาร ผู้ช่วยผู้ว่าการจัดซื้อจัดจ้างและบริการ ฝ่ายจัดซื้อจัดจ้างและบริหารพัสดุภูมิภาค รองผู้ว่าการบริหาร แผนกจัดซื้อจัดจ้างและบริหารพัสดุโรงไฟฟ้าพลังน้ำภาคตะวันออกเฉียงเหนือ,,True,False,,https://bidding.egat.co.th/procure/project/index.php?project_id=89175
69089284042,EGAT,งานจ้างเหมาบริการเพื่อทำงานถ่ายเอกสาร แบบแปลนและสแกนเอกสาร ประจำปี 2570 เลขที่ ห,รองผู้ว่าการบริหาร ผู้ช่วยผู้ว่าการจัดซื้อจัดจ้างและบริการ ฝ่ายจัดซื้อจัดจ้างและบริหารพัสดุส่วนกลาง รองผู้ว่าการบริหาร แผนกจัดซื้อจัดจ้างสายงานกลาง 4,,True,False,,https://bidding.egat.co.th/procure/project/index.php?project_id=89144
69089391838,EGAT,จ้างจัดพิธีมอบโล่โครงการฉลากประหยัดพลังงานเบอร์ 5 และจัดงานส่งเสริมประสิทธิภาพกา,รองผู้ว่าการบริหาร ผู้ช่วยผู้ว่าการจัดซื้อจัดจ้างและบริการ ฝ่ายจัดซื้อจัดจ้างและบริหารพัสดุส่วนกลาง รองผู้ว่าการบริหาร แผนกจัดซื้อจัดจ้างสายงานกลาง 2,,True,False,,https://bidding.egat.co.th/procure/project/index.php?project_id=89174
69069449114,EGAT,ซื้อเพื่อปรับปรุง Station Battery พร้อมติดตั้ง จำนวน 1 งาน โรงไฟฟ้าเขื่อนน้ำพุง ,รองผู้ว่าการบริหาร ผู้ช่วยผู้ว่าการจัดซื้อจัดจ้างและบริการ ฝ่ายจัดซื้อจัดจ้างและบริหารพัสดุภูมิภาค รองผู้ว่าการบริหาร แผนกจัดซื้อจัดจ้างและบริหารพัสดุโรงไฟฟ้าพลังน้ำภาคตะวันออกเฉียงเหนือ,,True,False,,https://bidding.egat.co.th/procure/project/index.php?project_id=89157
69079072792,EGAT,งานเช่ายานพาหนะ กฟผ. ปี 2569-2574 ระยะเวลาเช่า 5 ปี,รองผู้ว่าการบริหาร ผู้ช่วยผู้ว่าการจัดซื้อจัดจ้างและบริการ ฝ่ายจัดซื้อจัดจ้างและบริหารพัสดุภูมิภาค รองผู้ว่าการบริหาร แผนกจัดซื้อจัดจ้างและบริหารพัสดุฝ่ายปฏิบัติการภาคตะวันออกเฉียงเหนือ,,True,False,,https://bidding.egat.co.th/procure/project/index.php?project_id=89085
69089245995,EGAT,ซื้อเครื่องสแกนสภาพแวดล้อมสามมิติแบบเคลื่อนที่ (LiDAR 3D SCANNER ประเภท SLAM) เล,รองผู้ว่าการบริหาร ผู้ช่วยผู้ว่าการจัดซื้อจัดจ้างและบริการ ฝ่ายจัดซื้อจัดจ้างและบริหารพัสดุส่วนกลาง รองผู้ว่าการบริหาร แผนกจัดซื้อจัดจ้างสายงานกลาง 3,,True,False,,https://bidding.egat.co.th/procure/project/index.php?project_id=89136
69089376521,EGAT,ซื้อหินคลุกสเปค จำนวน 600 ตัน,รองผู้ว่าการบริหาร ผู้ช่วยผู้ว่าการจัดซื้อจัดจ้างและบริการ ฝ่ายจัดซื้อจัดจ้างและบริหารพัสดุภูมิภาค รองผู้ว่าการบริหาร แผนกจัดซื้อจัดจ้างและบริหารพัสดุเขื่อนวชิราลงกรณ,,True,False,,https://bidding.egat.co.th/procure/project/index.php?project_id=89229
69079416882,EGAT,ประกวดราคาจ้างเหมาบำรุงรักษาด้านโยธา จำนวน 1 งาน (1200201801),รองผู้ว่าการบริหาร ผู้ช่วยผู้ว่าการจัดซื้อจัดจ้างและบริการ ฝ่ายจัดซื้อจัดจ้างและบริหารพัสดุภูมิภาค รองผู้ว่าการบริหาร แผนกจัดซื้อจัดจ้างเหมืองแม่เมาะ,,True,False,,https://bidding.egat.co.th/procure/project/index.php?project_id=89072
69089269671,EGAT,ประกวดราคาซื้อพร้อมติดตั้งเครื่องสำรองไฟฟ้า ขนาดไม่ต่ำกว่า 60 kVA. จำนวน 1 JB (1,รองผู้ว่าการบริหาร ผู้ช่วยผู้ว่าการจัดซื้อจัดจ้างและบริการ ฝ่ายจัดซื้อจัดจ้างและบริหารพัสดุภูมิภาค รองผู้ว่าการบริหาร แผนกจัดซื้อจัดจ้างเหมืองแม่เมาะ,,True,False,,https://bidding.egat.co.th/procure/project/index.php?project_id=89125
69089137356,EGAT,งานซื้อพัสดุบำรุงรักษา (งานขัด และทั่วไป) จำนวน 40 รายการ เลขที่ หจก3. 42/2569 ด,รองผู้ว่าการบริหาร ผู้ช่วยผู้ว่าการจัดซื้อจัดจ้างและบริการ ฝ่ายจัดซื้อจัดจ้างและบริหารพัสดุส่วนกลาง รองผู้ว่าการบริหาร แผนกจัดซื้อจัดจ้างสายงานกลาง 3,,True,False,,https://bidding.egat.co.th/procure/project/index.php?project_id=89114
69089268862,EGAT,จ้างตัดเย็บเครื่องแต่งกายของผู้ปฏิบัติงานโรงไฟฟ้าจะนะ ประจำปี 2569 โดยวิธีคัดเลื,รองผู้ว่าการบริหาร ผู้ช่วยผู้ว่าการจัดซื้อจัดจ้างและบริการ ฝ่ายจัดซื้อจัดจ้างและบริหารพัสดุภูมิภาค รองผู้ว่าการบริหาร แผนกจัดซื้อจัดจ้างและบริหารพัสดุโรงไฟฟ้าจะนะ,,True,False,,https://bidding.egat.co.th/procure/project/index.php?project_id=89116
69089206662,EGAT,"งานจ้างจัดทำผ้าห่มกันหนาว กฟผ. จำนวน 20,000 ผืน เลขที่ หจก2. 53/2569 โดยวิธีคัดเ",รองผู้ว่าการบริหาร ผู้ช่วยผู้ว่าการจัดซื้อจัดจ้างและบริการ ฝ่ายจัดซื้อจัดจ้างและบริหารพัสดุส่วนกลาง รองผู้ว่าการบริหาร แผนกจัดซื้อจัดจ้างสายงานกลาง 2,,True,False,,https://bidding.egat.co.th/procure/project/index.php?project_id=89100
69089221649,EGAT,"งานจ้างเช่ารถพร้อมพนักงานขับรถ เป็นรถปคอัพ 4 ประตู ขนาดไมต่ำกวา 2,750 ซีซี ขั",รองผู้ว่าการบริหาร ผู้ช่วยผู้ว่าการจัดซื้อจัดจ้างและบริการ ฝ่ายจัดซื้อจัดจ้างและบริหารพัสดุส่วนกลาง รองผู้ว่าการบริหาร แผนกจัดซื้อจัดจ้างสายงานผลิตไฟฟ้า เชื้อเพลิง และพัฒนาโรงไฟฟ้าและ พลังงานหมุนเวียน 3,,True,False,,https://bidding.egat.co.th/procure/project/index.php?project_id=89140
69089215580,EGAT,จ้างซ่อมอุปกรณ์ไฟฟ้า จำนวน 7 รายการ,รองผู้ว่าการบริหาร ผู้ช่วยผู้ว่าการจัดซื้อจัดจ้างและบริการ ฝ่ายจัดซื้อจัดจ้างและบริหารพัสดุภูมิภาค รองผู้ว่าการบริหาร แผนกจัดซื้อจัดจ้างและบริหารพัสดุเขื่อนวชิราลงกรณ,,True,False,,https://bidding.egat.co.th/procure/project/index.php?project_id=89078
69089185685,EGAT,จ้างสื่อสารภาพลักษณ์ กฟผ. (EleX by EGAT) ผ่านสื่อนอกบ้านของ IMPACT เมืองทองธานี ,รองผู้ว่าการบริหาร ผู้ช่วยผู้ว่าการจัดซื้อจัดจ้างและบริการ ฝ่ายจัดซื้อจัดจ้างและบริหารพัสดุส่วนกลาง รองผู้ว่าการบริหาร แผนกจัดซื้อจัดจ้างสายงานกลาง 2,,True,False,,https://bidding.egat.co.th/procure/project/index.php?project_id=89081
69089232339,EGAT,งานจ้างงานก่อสร้างป้ายจารึกพระราชดํารัส รัชกาลที่ ๑๐ จังหวัดสกลนคร จำนวน ๑ งาน โ,รองผู้ว่าการบริหาร ผู้ช่วยผู้ว่าการจัดซื้อจัดจ้างและบริการ ฝ่ายจัดซื้อจัดจ้างและบริหารพัสดุภูมิภาค รองผู้ว่าการบริหาร แผนกจัดซื้อจัดจ้างและบริหารพัสดุโรงไฟฟ้าพลังน้ำภาคตะวันออกเฉียงเหนือ,,True,False,,https://bidding.egat.co.th/procure/project/index.php?project_id=89087
69079535395,EGAT,ประกวดราคาเช่าอุปกรณ์ GPS Tracking พร้อมระบบบันทึก-ติดตามข้อมูลการใช้งานของรถยนต,รองผู้ว่าการบริหาร ผู้ช่วยผู้ว่าการจัดซื้อจัดจ้างและบริการ ฝ่ายจัดซื้อจัดจ้างและบริหารพัสดุภูมิภาค รองผู้ว่าการบริหาร แผนกจัดซื้อจัดจ้างเหมืองแม่เมาะ,,True,False,,https://bidding.egat.co.th/procure/project/index.php?project_id=89073
69089180361,EGAT,งานจ้างบริการเพื่อทำงานในโครงการปรับปรุงสายส่งรองรับงานพัฒนาระบบคมนาคมภาครัฐขนาด,รองผู้ว่าการปฏิบัติการระบบส่ง ผู้ช่วยผู้ว่าการปฏิบัติการและบริหารสินทรัพย์ระบบส่ง โครงการปรับปรุงสายส่งรองรับงานพัฒนาระบบคมนาคมภาครัฐขนาดใหญ่ รองผู้ว่าการปฏิบัติการระบบส่ง หมวดจัดซื้อจัดจ้าง,,True,False,,https://bidding.egat.co.th/procure/project/index.php?project_id=89070
69089589784,PTT,จัดซื้อกังหันน้ำระบบ Solar cell สำหรับใช้ในโครงการพัฒนาและส่งเสริมคุณภาพชีวิตชุม,,,True,False,,https://procurement.pttplc.com/th/award/index
69089475843,PTT,จ้างปรับปรุงงานกายภาพและจุดเรียนรู้การผลิตถ่านชีวภาพ ศูนย์ศึกษาเรียนรู้ระบบนิเวศ,,,True,False,,https://procurement.pttplc.com/th/award/index
69079456491,PTT,จัดซื้อเครื่องออกกำลังกายติดตั้งห้องฟิตเนส อาคารกีฬาในร่ม ปท.2,,,True,False,,https://procurement.pttplc.com/th/award/index
69089364278,PTT,งานจ้างเหมาซ่อมกำแพงรั้วกำแพงเอนตัวบริเวณหลังแฟลตรับรอง ศูนย์ปฏิบัติการชลบุรี,,,True,False,,https://procurement.pttplc.com/th/award/index
69089193009,PTT,"จ้างปลูกปรับปรุงระบบนิเวศป่าไม้ แปลงปลูกป่า PTT-N-03-69 เนื้อที่ 1,900 ไร่ ตำบลน",,,True,False,,https://procurement.pttplc.com/th/award/index
69089702125,PTT,งานจ้างเพื่อดำเนินงานด้านการสื่อสารและการสร้างการมีส่วนร่วมเชิงกลยุทธ์สำหรับโครง,,,True,False,,https://procurement.pttplc.com/th/award/index
69089456158,PTT,จ้างดำเนินการฝึกอบรมหลักสูตรปัจฉิมนิเทศสำหรับพนักงานเกษียณอายุปี 2570,,,True,False,,https://procurement.pttplc.com/th/award/index
69089243693,PTT,จ้างปลูกปรับปรุงระบบนิเวศป่าไม้ แปลงปลูกป่า PTT-N-02-69 เนื้อที่ 825 ไร่ ตำบลบ้า,,,True,False,,https://procurement.pttplc.com/th/award/index
69099001313,PTT,จ้างประชาสัมพันธ์ ปตท. ผ่านสื่อบริษัท จีเอ็มเอ็ม มีเดีย จำกัด (มหาชน),,,True,False,,https://procurement.pttplc.com/th/award/index
69089657380,PTT,จ้างจัดกิจกรรมนำคณะผู้บริหารสื่อมวลชนและสื่อมวลชนอาวุโส ศึกษาดูงาน ณ โรงแยกก๊าซธ,,,True,False,,https://procurement.pttplc.com/th/award/index
69089182826,PTT,จ้างจัดทำกระบวนการวิเคราะห์ข้อมูลลูกค้าเชิงลึก บริษัท ปตท. จำกัด (มหาชน),,,True,False,,https://procurement.pttplc.com/th/award/index
69089639913,PTT,จ้างจัดทำสื่อเพื่อส่งเสริมความรู้ความเข้าใจเกี่ยวกับกฎหมายและนโยบาย Compliance,,,True,False,,https://procurement.pttplc.com/th/award/index
69089604467,PTT,จ้างรังวัดปักหลักหมายแนวเขตและปลูกป่า แปลงปลูกป่า PTT-NE-14-69 เนื้อที่ 200 ไร่ ,,,True,False,,https://procurement.pttplc.com/th/award/index
69079143177,PTT,จัดจ้างสร้างโรงจอดรถดับเพลิง,,,True,False,,https://procurement.pttplc.com/th/award/index
69089132787,PTT,จ้างบำรุงรักษาป่าปีที่ 1-3 แปลงปลูกป่า PTT-N-01-67 เนื้อที่ 500 ไร่ ตำบลเตาปูน อ,,,True,False,,https://procurement.pttplc.com/th/award/index
69089430890,PTT,จ้างประชาสัมพันธ์ ปตท. ผ่านสื่อบริษัท มี ออน มีเดีย จำกัด,,,True,False,,https://procurement.pttplc.com/th/award/index
69089490950,PTT,จ้างรังวัดปักหลักหมายแนวเขตและปลูกป่า แปลงปลูกป่า PTT-NE-13-69 เนื้อที่ 670 ไร่ ,,,True,False,,https://procurement.pttplc.com/th/award/index
69089200103,PTT,จ้างรังวัดปักหลักหมายแนวเขตและปลูกป่า แปลงปลูกป่า PTT-N-01-69 เนื้อที่ 300 ไร่ ต,,,True,False,,https://procurement.pttplc.com/th/award/index
69089408486,PTT,"จ้างบำรุงรักษาป่าปีที่ 1 แปลงปลูกป่า PTT-N-31-67 แปลงที่ 1 เนื้อที่ 3,500 ไร่ ตำ",,,True,False,,https://procurement.pttplc.com/th/award/index
69089244786,PTT,จ้างดำเนินการฝึกอบรมหลักสูตร Investment Execution and Post-Investment Strategy,,,True,False,,https://procurement.pttplc.com/th/award/index
69089535995,PTT,จ้างจัดกิจกรรม CEO Town Hall ปธบ. พบพนักงาน ปตท. ไตรมาส 3 ประจำปี 2569,,,True,False,,https://procurement.pttplc.com/th/award/index
69089266700,PTT,"จ้างปลูกปรับปรุงระบบนิเวศป่าไม้ แปลงปลูกป่า PTT-NE-05-69 เนื้อที่ 3,805 ไร่ ตำบล",,,True,False,,https://procurement.pttplc.com/th/award/index
69079591150,PTT,จ้างประเมินตรวจสอบโครงสร้าง Skywalk และหอชมป่า ศูนย์เรียนรู้ป่าในกรุง,,,True,False,,https://procurement.pttplc.com/th/award/index
69089058590,PTT,"จ้างบำรุงรักษาป่าปีที่ 1 แปลงปลูกป่า PTT-N-31-67 แปลงที่ 2 เนื้อที่ 3,500 ไร่ ตำ",,,True,False,,https://procurement.pttplc.com/th/award/index
69089411092,PTT,"จ้างบำรุงรักษาป่า แปลงปลูกป่า PTT-NE-06-69 เนื้อที่ 1,745 ไร่ ตำบลเหล่าดอกไม้ อำ",,,True,False,,https://procurement.pttplc.com/th/award/index
69079528930,PTT,งานจ้างติดตั้ง CCTV และ อุปกรณ์ประกอบ ภายในพื้นที่ ศูนย์ศึกษาเรียนรู้ระบบนิเวศป่,,,True,False,,https://procurement.pttplc.com/th/award/index
69089319966,PTT,จัดซื้อสิทธิ์การเข้าถึงฐานข้อมูล Mercer Global Mobility Data ปี 2026-2027,,,True,False,,https://procurement.pttplc.com/th/award/index
69079332407,PTT,จัดซื้อเครื่อง Automated External Defibrillator สำหรับใช้งานที่แท่น PRP,,,True,False,,https://procurement.pttplc.com/th/award/index
69089292898,PTT,จ้างปลูกปรับปรุงระบบนิเวศป่าไม้ แปลงปลูกป่า PTT-NE-04-69 เนื้อที่ 400 ไร่ ตำบลโน,,,True,False,,https://procurement.pttplc.com/th/award/index
69089313789,PTT,จ้างรังวัดปักหลักหมายแนวเขตและปลูกป่า แปลงปลูกป่า PTT-NE-08-69 เนื้อที่ 670 ไร่ ,,,True,False,,https://procurement.pttplc.com/th/award/index
69089280536,PTT,จ้างรังวัดปักหลักหมายแนวเขตและปลูกป่า แปลงปลูกป่า PTT-NE-10-69 เนื้อที่ 620 ไร่ ,,,True,False,,https://procurement.pttplc.com/th/award/index
69089077830,PTT,จ้างบำรุงรักษาป่าปีที่ 1 แปลงปลูกป่า PTT-N-31-67 แปลงที่ 3 เนื้อที่ 500 ไร่ ตำบล,,,True,False,,https://procurement.pttplc.com/th/award/index
69079467023,PTT,จ้างตรวจประเมินระบบการจัดการตามมาตรฐาน ISO14001 ของพื้นที่ ปตท. สำนักงานใหญ่ ปี ,,,True,False,,https://procurement.pttplc.com/th/award/index
69089260177,PTT,"จ้างรังวัดปักหลักหมายแนวเขตและปลูกป่า แปลงปลูกป่า PTT-NE-09-69 เนื้อที่ 1,100 ไร",,,True,False,,https://procurement.pttplc.com/th/award/index
69089018324,PTT,"จ้างปลูกปรับปรุงระบบนิเวศป่าไม้ แปลงปลูกป่า PTT-N-12-69 เนื้อที่ 1,250 ไร่ ตำบลร",,,True,False,,https://procurement.pttplc.com/th/award/index
69089010209,PTT,จ้างตรวจประเมิน ISO 27001 version 2022 เพื่อคงไว้ซึ่งการรับรองระบบบริหารจัดการคว,,,True,False,,https://procurement.pttplc.com/th/award/index
69089084958,PTT,จ้างบำรุงรักษาป่าปีที่ 1 แปลงปลูกป่า PTT-N-31-67 แปลงที่ 4 เนื้อที่ 500 ไร่ ตำบล,,,True,False,,https://procurement.pttplc.com/th/award/index
69079466008,PTT,ซื้อจอภาพแบบ LED จำนวน 100 จอ,,,True,False,,https://procurement.pttplc.com/th/award/index
69089088702,PTT,จ้างบำรุงรักษาป่าปีที่ 1 แปลงปลูกป่า PTT-N-30-67 เนื้อที่ 160 ไร่ ตำบลเสริมซ้าย ,,,True,False,,https://procurement.pttplc.com/th/award/index
69089018255,PTT,จ้างดำเนินการฝึกอบรมหลักสูตร FA Academy 2026,,,True,False,,https://procurement.pttplc.com/th/award/index
69079610175,PTT,จ้างปรับปรุงห้องทำงาน ผจ.ษท.,,,True,False,,https://procurement.pttplc.com/th/award/index
69079213418,PTT,จ้างจัดทำแบบสำรวจ EE PVP SPIRIT LO ประจำปี 2569,,,True,False,,https://procurement.pttplc.com/th/award/index
69089104793,PTT,จ้างรังวัดปักหลักหมายแนวเขตและปลูกป่า แปลงปลูกป่า PTT-W-07-69 เนื้อที่ 420 ไร่ ต,,,True,False,,https://procurement.pttplc.com/th/award/index
69089084886,PTT,จ้างบำรุงรักษาป่าปีที่ 1 แปลงปลูกป่า PTT-N-31-67 แปลงที่ 6 เนื้อที่ 400 ไร่ ตำบล,,,True,False,,https://procurement.pttplc.com/th/award/index
69069357701,PTT,จ้างบริการด้านอาชีวอนามัยของแพทย์อาชีวเวชศาสตร์ ปี 2569,,,True,False,,https://procurement.pttplc.com/th/award/index
69089063975,PTT,จ้างบำรุงรักษาป่าปีที่ 1 แปลงปลูกป่า PTT-N-31-67 แปลงที่ 7 เนื้อที่ 400 ไร่ ตำบล,,,True,False,,https://procurement.pttplc.com/th/award/index
69089060839,PTT,จ้างบำรุงรักษาป่าปีที่ 1 แปลงปลูกป่า PTT-N-31-67 แปลงที่ 5 เนื้อที่ 500 ไร่ ตำบล,,,True,False,,https://procurement.pttplc.com/th/award/index
69089035031,PTT,จ้างบำรุงรักษาป่าปีที่ 3 แปลงปลูกป่า PTT-N-03-66 เนื้อที่ 100 ไร่ ตำบลบ้านเหล่า ,,,True,False,,https://procurement.pttplc.com/th/award/index
69089136016,PTT,จ้างบำรุงรักษาป่าปีที่ 1 แปลงปลูกป่า PTT-N-29-67 เนื้อที่ 371 ไร่ ตำบลนายาง อำเภ,,,True,False,,https://procurement.pttplc.com/th/award/index
69089079206,PTT,จ้างปลูกปรับปรุงระบบนิเวศป่าไม้ แปลงปลูกป่า PTT-N-26-67 แปลงย่อยที่ 1 เนื้อที่ 4,,,True,False,,https://procurement.pttplc.com/th/award/index
69079332821,PTT,งานปรับปรุงประตูบานเลื่อน มอเตอร์ และส่วนควบ สิงห์บุรีประจำปี 2569,,,True,False,,https://procurement.pttplc.com/th/award/index
69089061255,PTT,จ้างเหมาเพื่อมุ่งความสำเร็จของงานทำความสะอาดในเขตกระบวนการผลิตสนับสนุนงานซ่อมบำร,,,True,False,,https://procurement.pttplc.com/th/award/index
69079569073,PTT,จ้างเหมาจัดงานสัมมนาสายงาน รศล.,,,True,False,,https://procurement.pttplc.com/th/award/index
69079569981,PTT,จ้าง IBM Authorized Software Asset Management Provider (IASP) สำหรับโครงการ IBM ,,,True,False,,https://procurement.pttplc.com/th/award/index
