source,tender_id,title,title_en,department,budget,winning_bid,winner_name,winner_tax_id,method,category,announcement_date,submission_deadline,award_date,tor_url,tor_text,announcement_url,num_bidders,status,scraped_at
PTT,69089589784,จัดซื้อกังหันน้ำระบบ Solar cell สำหรับใช้ในโครงการพัฒนาและส่งเสริมคุณภาพชีวิตชุมชนแนวท่อส่งก๊าซธรรมชาติ โครงการย่อย ส่งเสริมตวามรู้กลุ่มผู้ประกอบการประมงพื้นที่แนวท่อส่งก๊าซธรรมชาติ จ.ฉะเชิงเทรา,,,,,,,,,,,,,,https://procurement.pttplc.com/th/award/index,,awarded,2026-09-08T05:00:26.594837+00:00
PTT,69089475843,จ้างปรับปรุงงานกายภาพและจุดเรียนรู้การผลิตถ่านชีวภาพ ศูนย์ศึกษาเรียนรู้ระบบนิเวศป่าชายเลนสิรินาถราชินี,,,,,,,,,,,,,,https://procurement.pttplc.com/th/award/index,,awarded,2026-09-08T05:00:26.594973+00:00
PTT,PTT-1131000339,งานจัดซื้อ SIRIUS soft starter siemens เข้าคลังพัสดุ,,,,,,,,,,,,,,https://procurement.pttplc.com/th/award/index,,awarded,2026-09-08T05:00:26.595083+00:00
PTT,PTT-1131000376,"จัดซื้อต้นพันธุ์สตรอว์เบอร์รีสำหรับใช้ลงปลูกในโรงเรือน 8 และขยายพันธุ์ในโรงเรือน 3,4,5 ประจำปี 2570",,,,,,,,,,,,,,https://procurement.pttplc.com/th/award/index,,awarded,2026-09-08T05:00:26.595198+00:00
PTT,69079456491,จัดซื้อเครื่องออกกำลังกายติดตั้งห้องฟิตเนส อาคารกีฬาในร่ม ปท.2,,,,,,,,,,,,,,https://procurement.pttplc.com/th/award/index,,awarded,2026-09-08T05:00:26.595314+00:00
PTT,69089364278,งานจ้างเหมาซ่อมกำแพงรั้วกำแพงเอนตัวบริเวณหลังแฟลตรับรอง ศูนย์ปฏิบัติการชลบุรี,,,,,,,,,,,,,,https://procurement.pttplc.com/th/award/index,,awarded,2026-09-08T05:00:26.595430+00:00
PTT,PTT-1121000726,จัดจ้างก่อสร้างโครงการ WI Equalizer Network (WI-Net) พื้นที่ส่วนปฏิบัติการผลิตระบบท่อส่งก๊าซธรรมชาติ,,,,,,,,,,,,,,https://procurement.pttplc.com/th/award/index,,awarded,2026-09-08T05:00:26.595544+00:00
PTT,69089193009,"จ้างปลูกปรับปรุงระบบนิเวศป่าไม้ แปลงปลูกป่า PTT-N-03-69 เนื้อที่ 1,900 ไร่ ตำบลน้ำอ่าง อำเภอตรอน จังหวัดอุตรดิตถ์",,,,,,,,,,,,,,https://procurement.pttplc.com/th/award/index,,awarded,2026-09-08T05:00:26.595685+00:00
PTT,69089702125,งานจ้างเพื่อดำเนินงานด้านการสื่อสารและการสร้างการมีส่วนร่วมเชิงกลยุทธ์สำหรับโครงการ I-SPARK,,,,,,,,,,,,,,https://procurement.pttplc.com/th/award/index,,awarded,2026-09-08T05:00:26.595799+00:00
PTT,69089456158,จ้างดำเนินการฝึกอบรมหลักสูตรปัจฉิมนิเทศสำหรับพนักงานเกษียณอายุปี 2570,,,,,,,,,,,,,,https://procurement.pttplc.com/th/award/index,,awarded,2026-09-08T05:00:26.595911+00:00
PTT,69089243693,จ้างปลูกปรับปรุงระบบนิเวศป่าไม้ แปลงปลูกป่า PTT-N-02-69 เนื้อที่ 825 ไร่ ตำบลบ้านโคก อำเภอบ้านโคก จังหวัดอุตรดิตถ์,,,,,,,,,,,,,,https://procurement.pttplc.com/th/award/index,,awarded,2026-09-08T05:00:26.596026+00:00
PTT,PTT-1121000826,จัดจ้าง RBI Evergreen Future risk forecast GSP 5 และ CUI Management Program to ANTEA software,,,,,,,,,,,,,,https://procurement.pttplc.com/th/award/index,,awarded,2026-09-08T05:00:26.596132+00:00
PTT,PTT-1141000810,จัดจ้างปรับปรุงสภาพสีและกำจัดสนิมสถานีก๊าซ จำนวน 20 สถานี ประจำปี 2569-2571,,,,,,,,,,,,,,https://procurement.pttplc.com/th/award/index,,awarded,2026-09-08T05:00:26.596244+00:00
PTT,PTT-1141000813,จัดจ้างตรวจสอบแนวท่อส่งก๊าซธรรมชาติโดยรถยนต์ พื้นที่ ปท.1 ประจำปี 2569,,,,,,,,,,,,,,https://procurement.pttplc.com/th/award/index,,awarded,2026-09-08T05:00:26.596348+00:00
PTT,69099001313,จ้างประชาสัมพันธ์ ปตท. ผ่านสื่อบริษัท จีเอ็มเอ็ม มีเดีย จำกัด (มหาชน),,,,,,,,,,,,,,https://procurement.pttplc.com/th/award/index,,awarded,2026-09-08T05:00:26.596482+00:00
PTT,PTT-1141000501,จัดซื้อ Spare part kit ยี่ห้อ Anderson Greenwood Crosby (AGCO),,,,,,,,,,,,,,https://procurement.pttplc.com/th/award/index,,awarded,2026-09-08T05:00:26.596651+00:00
PTT,PTT-1141000559,จัดจ้างซ่อม Coating ท่อและอุปกรณ์ที่เสื่อมสภาพภายในสถานีก๊าซฯ NB1,,,,,,,,,,,,,,https://procurement.pttplc.com/th/award/index,,awarded,2026-09-08T05:00:26.596810+00:00
PTT,69089657380,จ้างจัดกิจกรรมนำคณะผู้บริหารสื่อมวลชนและสื่อมวลชนอาวุโส ศึกษาดูงาน ณ โรงแยกก๊าซธรรมชาติขนอม และพื้นที่ใกล้เคียง,,,,,,,,,,,,,,https://procurement.pttplc.com/th/award/index,,awarded,2026-09-08T05:00:26.596927+00:00
PTT,69089182826,จ้างจัดทำกระบวนการวิเคราะห์ข้อมูลลูกค้าเชิงลึก บริษัท ปตท. จำกัด (มหาชน),,,,,,,,,,,,,,https://procurement.pttplc.com/th/award/index,,awarded,2026-09-08T05:00:26.597062+00:00
PTT,PTT-1191002284,จัดจ้างแก้ไข Road Lighting วงจร LP104N พื้นที่ Tank Farm  จำนวน 1 งาน,,,,,,,,,,,,,,https://procurement.pttplc.com/th/award/index,,awarded,2026-09-08T05:00:26.597170+00:00
PTT,PTT-1121000868,จัดจ้างตัดเปลี่ยน Burner Runner และเปลี่ยน SCR ของอุปกรณ์ WHRU 3208-F-002 พื้นที่ ESP,,,,,,,,,,,,,,https://procurement.pttplc.com/th/award/index,,awarded,2026-09-08T05:00:26.597288+00:00
PTT,69089639913,จ้างจัดทำสื่อเพื่อส่งเสริมความรู้ความเข้าใจเกี่ยวกับกฎหมายและนโยบาย Compliance,,,,,,,,,,,,,,https://procurement.pttplc.com/th/award/index,,awarded,2026-09-08T05:00:26.597423+00:00
PTT,PTT-1191001902,งานจ้างทดสอบและติดตั้ง Flow Computer ที่ GC_TOF ทดแทนของเดิมที่ Obsolete,,,,,,,,,,,,,,https://procurement.pttplc.com/th/award/index,,awarded,2026-09-08T05:00:26.597565+00:00
PTT,PTT-1111000863,จัดจ้างปรับปรุงและพัฒนาภาพลักษณ์คาแรกเตอร์ GODJI,,,,,,,,,,,,,,https://procurement.pttplc.com/th/award/index,,awarded,2026-09-08T05:00:26.597686+00:00
PTT,PTT-1141000840,"จัดซื้อพร้อมติดตั้งเครื่องปรับอากาศ BV4.1, 4.2, 4.3",,,,,,,,,,,,,,https://procurement.pttplc.com/th/award/index,,awarded,2026-09-08T05:00:26.597812+00:00
PTT,PTT-1141000802,จัดจ้างออกแบบเพื่อปรับปรุง Pipe Support ภายในสถานีก๊าซ BV6,,,,,,,,,,,,,,https://procurement.pttplc.com/th/award/index,,awarded,2026-09-08T05:00:26.597918+00:00
PTT,PTT-1141000793,จัดซื้อสารเคมี Methanol และ Isopropanol,,,,,,,,,,,,,,https://procurement.pttplc.com/th/award/index,,awarded,2026-09-08T05:00:26.598042+00:00
PTT,PTT-1141000786,"จัดจ้างทำผนังคอนกรีตป้องกันการกัดเซาะ แนวท่อประธาน RC0400 KP 27, หน้า BV.2, ก่อสร้างรางระบายน้ำ BV.3.3 และงานแก้ไขจุดกัดเซาะท่อ NGR",,,,,,,,,,,,,,https://procurement.pttplc.com/th/award/index,,awarded,2026-09-08T05:00:26.598143+00:00
PTT,PTT-1141000764,จัดจ้างเปลี่ยน Stud Bolt Mainline ของ Process Pipe ด้าน Inlet/Outlet และ Mixing Skid สถานี WCS,,,,,,,,,,,,,,https://procurement.pttplc.com/th/award/index,,awarded,2026-09-08T05:00:26.598257+00:00
PTT,69089604467,จ้างรังวัดปักหลักหมายแนวเขตและปลูกป่า แปลงปลูกป่า PTT-NE-14-69 เนื้อที่ 200 ไร่ ตำบลโนนสะอาด อำเภอศรีบุญเรือง จังหวัดหนองบัวลำภู,,,,,,,,,,,,,,https://procurement.pttplc.com/th/award/index,,awarded,2026-09-08T05:00:26.598390+00:00
PTT,PTT-1131000471,งานจ้างต่อทะเบียนรถขนส่งก๊าซธรรมชาติ ของ ปตท.,,,,,,,,,,,,,,https://procurement.pttplc.com/th/award/index,,awarded,2026-09-08T05:00:26.598495+00:00
PTT,69079143177,จัดจ้างสร้างโรงจอดรถดับเพลิง,,,,,,,,,,,,,,https://procurement.pttplc.com/th/award/index,,awarded,2026-09-08T05:00:26.598606+00:00
PTT,PTT-1121000801,จัดซื้อ FILTER ELEMENT (PECO / FACET)  เพื่อสำรองคลัง จำนวน 6 รายการ,,,,,,,,,,,,,,https://procurement.pttplc.com/th/award/index,,awarded,2026-09-08T05:00:26.598707+00:00
PTT,PTT-1121000846,จัดซื้อ Auto Grease สำรองคลัง จำนวน 6 รายการ แบบ Call-Off Contract,,,,,,,,,,,,,,https://procurement.pttplc.com/th/award/index,,awarded,2026-09-08T05:00:26.598805+00:00
PTT,PTT-1191001848,จัดซื้อพร้อมติดตั้ง Level Transmitter ที่สถานี CHANAMR และ CHANARS,,,,,,,,,,,,,,https://procurement.pttplc.com/th/award/index,,awarded,2026-09-08T05:00:26.598902+00:00
PTT,69089132787,จ้างบำรุงรักษาป่าปีที่ 1-3 แปลงปลูกป่า PTT-N-01-67 เนื้อที่ 500 ไร่ ตำบลเตาปูน อำเภอสอง จังหวัดแพร่,,,,,,,,,,,,,,https://procurement.pttplc.com/th/award/index,,awarded,2026-09-08T05:00:26.599006+00:00
PTT,69089430890,จ้างประชาสัมพันธ์ ปตท. ผ่านสื่อบริษัท มี ออน มีเดีย จำกัด,,,,,,,,,,,,,,https://procurement.pttplc.com/th/award/index,,awarded,2026-09-08T05:00:26.599120+00:00
PTT,PTT-1191002101,จัดจ้างบำรุงรักษา Hand Valve รอบ 5 ปี ที่สถานี Block Valve ท่อเส้นที่ 4 และ 5 ในพื้นที่ ปท.10,,,,,,,,,,,,,,https://procurement.pttplc.com/th/award/index,,awarded,2026-09-08T05:00:26.599270+00:00
PTT,PTT-1191000414,จัดซื้อ Level Transmitter Radar Type,,,,,,,,,,,,,,https://procurement.pttplc.com/th/award/index,,awarded,2026-09-08T05:00:26.599442+00:00
PTT,PTT-1141000401,จัดจ้างปรับปรุงระบบ Jockey pump ของ Fire water system แท่น ERP ให้ทำงานอัตโนมัติ,,,,,,,,,,,,,,https://procurement.pttplc.com/th/award/index,,awarded,2026-09-08T05:00:26.599627+00:00
PTT,PTT-1141000148,จัดจ้างเปลี่ยน Siemens PLC สำหรับระบบ Power Synchronization แท่น PRP,,,,,,,,,,,,,,https://procurement.pttplc.com/th/award/index,,awarded,2026-09-08T05:00:26.599777+00:00
PTT,PTT-1121000839,"จัดจ้าง Dead Leg Management พื้นที่ GSP2, GSP3, ESP และ GSP6",,,,,,,,,,,,,,https://procurement.pttplc.com/th/award/index,,awarded,2026-09-08T05:00:26.599874+00:00
PTT,PTT-1131000359,งานจ้างทดสอบ ตรวจสอบสถานที่ใช้ก๊าซธรรมชาติ และยื่นต่ออายุใบอนุญาตประกอบกิจการสถานที่ใช้ก๊าซธรรมชาติ ตลอดจนได้ใบอนุญาตประกอบกิจการสถานที่ใช้ก๊าซธรรมชาติ (ธพ.ช.2) รูปแบบ On-Call ระยะเวลาสัญญา 2 ปี,,,,,,,,,,,,,,https://procurement.pttplc.com/th/award/index,,awarded,2026-09-08T05:00:26.599971+00:00
PTT,69089490950,จ้างรังวัดปักหลักหมายแนวเขตและปลูกป่า แปลงปลูกป่า PTT-NE-13-69 เนื้อที่ 670 ไร่ ตำบลในเมืองและตำบลเมืองเก่าพัฒนา อำเภอเวียงเก่า จังหวัดขอนแก่น,,,,,,,,,,,,,,https://procurement.pttplc.com/th/award/index,,awarded,2026-09-08T05:00:26.600073+00:00
PTT,69089200103,จ้างรังวัดปักหลักหมายแนวเขตและปลูกป่า แปลงปลูกป่า PTT-N-01-69 เนื้อที่ 300 ไร่ ตำบลนาขุม อำเภอบ้านโคก จังหวัดอุตรดิตถ์,,,,,,,,,,,,,,https://procurement.pttplc.com/th/award/index,,awarded,2026-09-08T05:00:26.600181+00:00
PTT,69089408486,"จ้างบำรุงรักษาป่าปีที่ 1 แปลงปลูกป่า PTT-N-31-67 แปลงที่ 1 เนื้อที่ 3,500 ไร่ ตำบลบ้านหวด อำเภองาว จังหวัดลำปาง",,,,,,,,,,,,,,https://procurement.pttplc.com/th/award/index,,awarded,2026-09-08T05:00:26.600293+00:00
PTT,69089244786,จ้างดำเนินการฝึกอบรมหลักสูตร Investment Execution and Post-Investment Strategy,,,,,,,,,,,,,,https://procurement.pttplc.com/th/award/index,,awarded,2026-09-08T05:00:26.600404+00:00
PTT,PTT-1161000250,ประกาศยกเลิกงานจ้างศึกษาและจัดทำรายงานการขอเปลี่ยนแปลงรายละเอียดโครงการ ในรายงานการประเมินผลกระทบสิ่งแวดล้อม โครงการท่อส่งก๊าซธรรมชาติบนบก นครสวรรค์ (เพื่อขยายโอกาสใช้พลังงานสะอาด และลดมลภาวะในภาคขนส่งและอุตสาหกรรม เขตภาคกลางและภาคเหนือตอนล่าง) (ครั้งที่ 1)visibilityกดเพื่อดูรายละเอียดเพิ่มเติม,,,,,,,,,,,,,,https://procurement.pttplc.com/th/award/index,,awarded,2026-09-08T05:00:26.600518+00:00
PTT,69089535995,จ้างจัดกิจกรรม CEO Town Hall ปธบ. พบพนักงาน ปตท. ไตรมาส 3 ประจำปี 2569,,,,,,,,,,,,,,https://procurement.pttplc.com/th/award/index,,awarded,2026-09-08T05:00:26.600635+00:00
PTT,69089266700,"จ้างปลูกปรับปรุงระบบนิเวศป่าไม้ แปลงปลูกป่า PTT-NE-05-69 เนื้อที่ 3,805 ไร่ ตำบลเหล่าดอกไม้ อำเภอชื่นชม จังหวัดมหาสารคาม",,,,,,,,,,,,,,https://procurement.pttplc.com/th/award/index,,awarded,2026-09-08T05:00:26.600752+00:00
PTT,69089589784,จัดซื้อกังหันน้ำระบบ Solar cell สำหรับใช้ในโครงการพัฒนาและส่งเสริมคุณภาพชีวิตชุมชนแนวท่อส่งก๊าซธรรมชาติ โครงการย่อย ส่งเสริมตวามรู้กลุ่มผู้ประกอบการประมงพื้นที่แนวท่อส่งก๊าซธรรมชาติ จ.ฉะเชิงเทรา,,,,,,,,,,,,,,https://procurement.pttplc.com/th/award/index,,awarded,2026-09-08T05:00:26.600883+00:00
PTT,69089475843,จ้างปรับปรุงงานกายภาพและจุดเรียนรู้การผลิตถ่านชีวภาพ ศูนย์ศึกษาเรียนรู้ระบบนิเวศป่าชายเลนสิรินาถราชินี,,,,,,,,,,,,,,https://procurement.pttplc.com/th/award/index,,awarded,2026-09-08T05:00:26.600986+00:00
PTT,PTT-1131000339,งานจัดซื้อ SIRIUS soft starter siemens เข้าคลังพัสดุ,,,,,,,,,,,,,,https://procurement.pttplc.com/th/award/index,,awarded,2026-09-08T05:00:26.601085+00:00
PTT,PTT-1131000376,"จัดซื้อต้นพันธุ์สตรอว์เบอร์รีสำหรับใช้ลงปลูกในโรงเรือน 8 และขยายพันธุ์ในโรงเรือน 3,4,5 ประจำปี 2570",,,,,,,,,,,,,,https://procurement.pttplc.com/th/award/index,,awarded,2026-09-08T05:00:26.601189+00:00
PTT,69079456491,จัดซื้อเครื่องออกกำลังกายติดตั้งห้องฟิตเนส อาคารกีฬาในร่ม ปท.2,,,,,,,,,,,,,,https://procurement.pttplc.com/th/award/index,,awarded,2026-09-08T05:00:26.601297+00:00
PTT,69089364278,งานจ้างเหมาซ่อมกำแพงรั้วกำแพงเอนตัวบริเวณหลังแฟลตรับรอง ศูนย์ปฏิบัติการชลบุรี,,,,,,,,,,,,,,https://procurement.pttplc.com/th/award/index,,awarded,2026-09-08T05:00:26.601405+00:00
PTT,PTT-1121000726,จัดจ้างก่อสร้างโครงการ WI Equalizer Network (WI-Net) พื้นที่ส่วนปฏิบัติการผลิตระบบท่อส่งก๊าซธรรมชาติ,,,,,,,,,,,,,,https://procurement.pttplc.com/th/award/index,,awarded,2026-09-08T05:00:26.601513+00:00
PTT,69089193009,"จ้างปลูกปรับปรุงระบบนิเวศป่าไม้ แปลงปลูกป่า PTT-N-03-69 เนื้อที่ 1,900 ไร่ ตำบลน้ำอ่าง อำเภอตรอน จังหวัดอุตรดิตถ์",,,,,,,,,,,,,,https://procurement.pttplc.com/th/award/index,,awarded,2026-09-08T05:00:26.601627+00:00
PTT,69089702125,งานจ้างเพื่อดำเนินงานด้านการสื่อสารและการสร้างการมีส่วนร่วมเชิงกลยุทธ์สำหรับโครงการ I-SPARK,,,,,,,,,,,,,,https://procurement.pttplc.com/th/award/index,,awarded,2026-09-08T05:00:26.601734+00:00
PTT,69089456158,จ้างดำเนินการฝึกอบรมหลักสูตรปัจฉิมนิเทศสำหรับพนักงานเกษียณอายุปี 2570,,,,,,,,,,,,,,https://procurement.pttplc.com/th/award/index,,awarded,2026-09-08T05:00:26.601836+00:00
PTT,69089243693,จ้างปลูกปรับปรุงระบบนิเวศป่าไม้ แปลงปลูกป่า PTT-N-02-69 เนื้อที่ 825 ไร่ ตำบลบ้านโคก อำเภอบ้านโคก จังหวัดอุตรดิตถ์,,,,,,,,,,,,,,https://procurement.pttplc.com/th/award/index,,awarded,2026-09-08T05:00:26.601942+00:00
PTT,PTT-1121000826,จัดจ้าง RBI Evergreen Future risk forecast GSP 5 และ CUI Management Program to ANTEA software,,,,,,,,,,,,,,https://procurement.pttplc.com/th/award/index,,awarded,2026-09-08T05:00:26.602053+00:00
PTT,PTT-1141000810,จัดจ้างปรับปรุงสภาพสีและกำจัดสนิมสถานีก๊าซ จำนวน 20 สถานี ประจำปี 2569-2571,,,,,,,,,,,,,,https://procurement.pttplc.com/th/award/index,,awarded,2026-09-08T05:00:26.602154+00:00
PTT,PTT-1141000813,จัดจ้างตรวจสอบแนวท่อส่งก๊าซธรรมชาติโดยรถยนต์ พื้นที่ ปท.1 ประจำปี 2569,,,,,,,,,,,,,,https://procurement.pttplc.com/th/award/index,,awarded,2026-09-08T05:00:26.602262+00:00
PTT,69099001313,จ้างประชาสัมพันธ์ ปตท. ผ่านสื่อบริษัท จีเอ็มเอ็ม มีเดีย จำกัด (มหาชน),,,,,,,,,,,,,,https://procurement.pttplc.com/th/award/index,,awarded,2026-09-08T05:00:26.602377+00:00
PTT,PTT-1141000501,จัดซื้อ Spare part kit ยี่ห้อ Anderson Greenwood Crosby (AGCO),,,,,,,,,,,,,,https://procurement.pttplc.com/th/award/index,,awarded,2026-09-08T05:00:26.602535+00:00
PTT,PTT-1141000559,จัดจ้างซ่อม Coating ท่อและอุปกรณ์ที่เสื่อมสภาพภายในสถานีก๊าซฯ NB1,,,,,,,,,,,,,,https://procurement.pttplc.com/th/award/index,,awarded,2026-09-08T05:00:26.602699+00:00
PTT,69089657380,จ้างจัดกิจกรรมนำคณะผู้บริหารสื่อมวลชนและสื่อมวลชนอาวุโส ศึกษาดูงาน ณ โรงแยกก๊าซธรรมชาติขนอม และพื้นที่ใกล้เคียง,,,,,,,,,,,,,,https://procurement.pttplc.com/th/award/index,,awarded,2026-09-08T05:00:26.602810+00:00
PTT,69089182826,จ้างจัดทำกระบวนการวิเคราะห์ข้อมูลลูกค้าเชิงลึก บริษัท ปตท. จำกัด (มหาชน),,,,,,,,,,,,,,https://procurement.pttplc.com/th/award/index,,awarded,2026-09-08T05:00:26.602943+00:00
PTT,PTT-1191002284,จัดจ้างแก้ไข Road Lighting วงจร LP104N พื้นที่ Tank Farm  จำนวน 1 งาน,,,,,,,,,,,,,,https://procurement.pttplc.com/th/award/index,,awarded,2026-09-08T05:00:26.603042+00:00
PTT,PTT-1121000868,จัดจ้างตัดเปลี่ยน Burner Runner และเปลี่ยน SCR ของอุปกรณ์ WHRU 3208-F-002 พื้นที่ ESP,,,,,,,,,,,,,,https://procurement.pttplc.com/th/award/index,,awarded,2026-09-08T05:00:26.603143+00:00
PTT,69089639913,จ้างจัดทำสื่อเพื่อส่งเสริมความรู้ความเข้าใจเกี่ยวกับกฎหมายและนโยบาย Compliance,,,,,,,,,,,,,,https://procurement.pttplc.com/th/award/index,,awarded,2026-09-08T05:00:26.603264+00:00
PTT,PTT-1191001902,งานจ้างทดสอบและติดตั้ง Flow Computer ที่ GC_TOF ทดแทนของเดิมที่ Obsolete,,,,,,,,,,,,,,https://procurement.pttplc.com/th/award/index,,awarded,2026-09-08T05:00:26.603404+00:00
PTT,PTT-1111000863,จัดจ้างปรับปรุงและพัฒนาภาพลักษณ์คาแรกเตอร์ GODJI,,,,,,,,,,,,,,https://procurement.pttplc.com/th/award/index,,awarded,2026-09-08T05:00:26.603525+00:00
PTT,PTT-1141000840,"จัดซื้อพร้อมติดตั้งเครื่องปรับอากาศ BV4.1, 4.2, 4.3",,,,,,,,,,,,,,https://procurement.pttplc.com/th/award/index,,awarded,2026-09-08T05:00:26.603662+00:00
PTT,PTT-1141000802,จัดจ้างออกแบบเพื่อปรับปรุง Pipe Support ภายในสถานีก๊าซ BV6,,,,,,,,,,,,,,https://procurement.pttplc.com/th/award/index,,awarded,2026-09-08T05:00:26.603771+00:00
PTT,PTT-1141000793,จัดซื้อสารเคมี Methanol และ Isopropanol,,,,,,,,,,,,,,https://procurement.pttplc.com/th/award/index,,awarded,2026-09-08T05:00:26.603897+00:00
PTT,PTT-1141000786,"จัดจ้างทำผนังคอนกรีตป้องกันการกัดเซาะ แนวท่อประธาน RC0400 KP 27, หน้า BV.2, ก่อสร้างรางระบายน้ำ BV.3.3 และงานแก้ไขจุดกัดเซาะท่อ NGR",,,,,,,,,,,,,,https://procurement.pttplc.com/th/award/index,,awarded,2026-09-08T05:00:26.603998+00:00
PTT,PTT-1141000764,จัดจ้างเปลี่ยน Stud Bolt Mainline ของ Process Pipe ด้าน Inlet/Outlet และ Mixing Skid สถานี WCS,,,,,,,,,,,,,,https://procurement.pttplc.com/th/award/index,,awarded,2026-09-08T05:00:26.604105+00:00
PTT,69089604467,จ้างรังวัดปักหลักหมายแนวเขตและปลูกป่า แปลงปลูกป่า PTT-NE-14-69 เนื้อที่ 200 ไร่ ตำบลโนนสะอาด อำเภอศรีบุญเรือง จังหวัดหนองบัวลำภู,,,,,,,,,,,,,,https://procurement.pttplc.com/th/award/index,,awarded,2026-09-08T05:00:26.604246+00:00
PTT,PTT-1131000471,งานจ้างต่อทะเบียนรถขนส่งก๊าซธรรมชาติ ของ ปตท.,,,,,,,,,,,,,,https://procurement.pttplc.com/th/award/index,,awarded,2026-09-08T05:00:26.604343+00:00
PTT,69079143177,จัดจ้างสร้างโรงจอดรถดับเพลิง,,,,,,,,,,,,,,https://procurement.pttplc.com/th/award/index,,awarded,2026-09-08T05:00:26.604455+00:00
PTT,PTT-1121000801,จัดซื้อ FILTER ELEMENT (PECO / FACET)  เพื่อสำรองคลัง จำนวน 6 รายการ,,,,,,,,,,,,,,https://procurement.pttplc.com/th/award/index,,awarded,2026-09-08T05:00:26.604564+00:00
PTT,PTT-1121000846,จัดซื้อ Auto Grease สำรองคลัง จำนวน 6 รายการ แบบ Call-Off Contract,,,,,,,,,,,,,,https://procurement.pttplc.com/th/award/index,,awarded,2026-09-08T05:00:26.604669+00:00
PTT,PTT-1191001848,จัดซื้อพร้อมติดตั้ง Level Transmitter ที่สถานี CHANAMR และ CHANARS,,,,,,,,,,,,,,https://procurement.pttplc.com/th/award/index,,awarded,2026-09-08T05:00:26.604768+00:00
PTT,69089132787,จ้างบำรุงรักษาป่าปีที่ 1-3 แปลงปลูกป่า PTT-N-01-67 เนื้อที่ 500 ไร่ ตำบลเตาปูน อำเภอสอง จังหวัดแพร่,,,,,,,,,,,,,,https://procurement.pttplc.com/th/award/index,,awarded,2026-09-08T05:00:26.604872+00:00
PTT,69089430890,จ้างประชาสัมพันธ์ ปตท. ผ่านสื่อบริษัท มี ออน มีเดีย จำกัด,,,,,,,,,,,,,,https://procurement.pttplc.com/th/award/index,,awarded,2026-09-08T05:00:26.604986+00:00
PTT,PTT-1191002101,จัดจ้างบำรุงรักษา Hand Valve รอบ 5 ปี ที่สถานี Block Valve ท่อเส้นที่ 4 และ 5 ในพื้นที่ ปท.10,,,,,,,,,,,,,,https://procurement.pttplc.com/th/award/index,,awarded,2026-09-08T05:00:26.605127+00:00
PTT,PTT-1191000414,จัดซื้อ Level Transmitter Radar Type,,,,,,,,,,,,,,https://procurement.pttplc.com/th/award/index,,awarded,2026-09-08T05:00:26.605309+00:00
PTT,PTT-1141000401,จัดจ้างปรับปรุงระบบ Jockey pump ของ Fire water system แท่น ERP ให้ทำงานอัตโนมัติ,,,,,,,,,,,,,,https://procurement.pttplc.com/th/award/index,,awarded,2026-09-08T05:00:26.605492+00:00
PTT,PTT-1141000148,จัดจ้างเปลี่ยน Siemens PLC สำหรับระบบ Power Synchronization แท่น PRP,,,,,,,,,,,,,,https://procurement.pttplc.com/th/award/index,,awarded,2026-09-08T05:00:26.605657+00:00
PTT,PTT-1121000839,"จัดจ้าง Dead Leg Management พื้นที่ GSP2, GSP3, ESP และ GSP6",,,,,,,,,,,,,,https://procurement.pttplc.com/th/award/index,,awarded,2026-09-08T05:00:26.605755+00:00
PTT,PTT-1131000359,งานจ้างทดสอบ ตรวจสอบสถานที่ใช้ก๊าซธรรมชาติ และยื่นต่ออายุใบอนุญาตประกอบกิจการสถานที่ใช้ก๊าซธรรมชาติ ตลอดจนได้ใบอนุญาตประกอบกิจการสถานที่ใช้ก๊าซธรรมชาติ (ธพ.ช.2) รูปแบบ On-Call ระยะเวลาสัญญา 2 ปี,,,,,,,,,,,,,,https://procurement.pttplc.com/th/award/index,,awarded,2026-09-08T05:00:26.605854+00:00
PTT,69089490950,จ้างรังวัดปักหลักหมายแนวเขตและปลูกป่า แปลงปลูกป่า PTT-NE-13-69 เนื้อที่ 670 ไร่ ตำบลในเมืองและตำบลเมืองเก่าพัฒนา อำเภอเวียงเก่า จังหวัดขอนแก่น,,,,,,,,,,,,,,https://procurement.pttplc.com/th/award/index,,awarded,2026-09-08T05:00:26.605958+00:00
PTT,69089200103,จ้างรังวัดปักหลักหมายแนวเขตและปลูกป่า แปลงปลูกป่า PTT-N-01-69 เนื้อที่ 300 ไร่ ตำบลนาขุม อำเภอบ้านโคก จังหวัดอุตรดิตถ์,,,,,,,,,,,,,,https://procurement.pttplc.com/th/award/index,,awarded,2026-09-08T05:00:26.606059+00:00
PTT,69089408486,"จ้างบำรุงรักษาป่าปีที่ 1 แปลงปลูกป่า PTT-N-31-67 แปลงที่ 1 เนื้อที่ 3,500 ไร่ ตำบลบ้านหวด อำเภองาว จังหวัดลำปาง",,,,,,,,,,,,,,https://procurement.pttplc.com/th/award/index,,awarded,2026-09-08T05:00:26.606165+00:00
PTT,69089244786,จ้างดำเนินการฝึกอบรมหลักสูตร Investment Execution and Post-Investment Strategy,,,,,,,,,,,,,,https://procurement.pttplc.com/th/award/index,,awarded,2026-09-08T05:00:26.606273+00:00
PTT,PTT-1161000250,ประกาศยกเลิก งานจ้างศึกษาและจัดทำรายงานการขอเปลี่ยนแปลงรายละเอียดโครงการ ในรายงานการประเมินผลกระทบสิ่งแวดล้อม โครงการท่อส่งก๊าซธรรมชาติบนบก นครสวรรค์ (เพื่อขยายโอกาสใช้พลังงานสะอาด และลดมลภาวะในภาคขนส่งและอุตสาหกรรม เขตภาคกลางและภาคเหนือตอนล่าง) (ครั้งที่ 1),,,,,,,,,,,,,,https://procurement.pttplc.com/th/award/index,,awarded,2026-09-08T05:00:26.606377+00:00
PTT,69089535995,จ้างจัดกิจกรรม CEO Town Hall ปธบ. พบพนักงาน ปตท. ไตรมาส 3 ประจำปี 2569,,,,,,,,,,,,,,https://procurement.pttplc.com/th/award/index,,awarded,2026-09-08T05:00:26.606490+00:00
PTT,69089266700,"จ้างปลูกปรับปรุงระบบนิเวศป่าไม้ แปลงปลูกป่า PTT-NE-05-69 เนื้อที่ 3,805 ไร่ ตำบลเหล่าดอกไม้ อำเภอชื่นชม จังหวัดมหาสารคาม",,,,,,,,,,,,,,https://procurement.pttplc.com/th/award/index,,awarded,2026-09-08T05:00:26.606612+00:00
PTT,69079591150,จ้างประเมินตรวจสอบโครงสร้าง Skywalk และหอชมป่า ศูนย์เรียนรู้ป่าในกรุง,,,,,,,,,,,,,,https://procurement.pttplc.com/th/award/index,,awarded,2026-09-08T05:00:30.845367+00:00
PTT,69089058590,"จ้างบำรุงรักษาป่าปีที่ 1 แปลงปลูกป่า PTT-N-31-67 แปลงที่ 2 เนื้อที่ 3,500 ไร่ ตำบลบ้านหวด อำเภองาว จังหวัดลำปาง",,,,,,,,,,,,,,https://procurement.pttplc.com/th/award/index,,awarded,2026-09-08T05:00:30.845524+00:00
PTT,69089411092,"จ้างบำรุงรักษาป่า แปลงปลูกป่า PTT-NE-06-69 เนื้อที่ 1,745 ไร่ ตำบลเหล่าดอกไม้ อำเภอชื่นชม จังหวัดมหาสารคาม",,,,,,,,,,,,,,https://procurement.pttplc.com/th/award/index,,awarded,2026-09-08T05:00:30.845653+00:00
PTT,69079528930,งานจ้างติดตั้ง CCTV และ อุปกรณ์ประกอบ ภายในพื้นที่ ศูนย์ศึกษาเรียนรู้ระบบนิเวศป่าชายเลนสิรินาถราชินี,,,,,,,,,,,,,,https://procurement.pttplc.com/th/award/index,,awarded,2026-09-08T05:00:30.845806+00:00
PTT,PTT-1141000772,งานจ้างปรับปรุง Explosion proof Flood Light ภายใน BV,,,,,,,,,,,,,,https://procurement.pttplc.com/th/award/index,,awarded,2026-09-08T05:00:30.845923+00:00
PTT,69089319966,จัดซื้อสิทธิ์การเข้าถึงฐานข้อมูล Mercer Global Mobility Data ปี 2026-2027,,,,,,,,,,,,,,https://procurement.pttplc.com/th/award/index,,awarded,2026-09-08T05:00:30.846054+00:00
PTT,PTT-1141000569,จัดซื้อ Control valve สำหรับงานจ้างปรับปรุง SBMR ลดข้อจำกัด Inlet Pressure และ Pressure Drop ของระบบ,,,,,,,,,,,,,,https://procurement.pttplc.com/th/award/index,,awarded,2026-09-08T05:00:30.846185+00:00
PTT,PTT-1141000228,"High-Resolution Crack Detection with 3D Mapping Unit of PTT Onshore Natural Gas Pipeline Section RC0400 (28"", OCS1-BV6) 107.42 Km",,,,,,,,,,,,,,https://procurement.pttplc.com/th/award/index,,awarded,2026-09-08T05:00:30.846298+00:00
PTT,PTT-1141000728,"จัดซื้อพร้อมติดตั้งอุปกรณ์ปรับปรุง Power Quality ระบบไฟฟ้าของสถานีฯ  จำนวน 6 สถานีฯ ( BV13 BV14,BV15,BV17,BV18,BV,19)",,,,,,,,,,,,,,https://procurement.pttplc.com/th/award/index,,awarded,2026-09-08T05:00:30.846439+00:00
PTT,PTT-1191002081,จัดจ้างเจาะสำรวจ Wash Boring On Call ปี 2569,,,,,,,,,,,,,,https://procurement.pttplc.com/th/award/index,,awarded,2026-09-08T05:00:30.846573+00:00
PTT,PTT-1131000433,งานจัดหาและติดตั้งอุปกรณ์ผลิตไนโตรเจนจากอากาศ เพื่อปรับปรุงคุณภาพก๊าซสำหรับสถานีบริการ NGV แนวท่อ จำนวน 7 สถานี ปี 2569,,,,,,,,,,,,,,https://procurement.pttplc.com/th/award/index,,awarded,2026-09-08T05:00:30.846691+00:00
PTT,PTT-1161000234,งานจ้างที่ปรึกษาเพื่อดำเนินงานมวลชนสัมพันธ์ งานประชาสัมพันธ์ งานกระบวนการมีส่วนร่วมของประชาชน และงานด้านการดูแลรับผิดชอบต่อสังคม โครงการอารยะ เดอะอีสเทิร์นเกตเวย์ จังหวัดสมุทรปราการ,,,,,,,,,,,,,,https://procurement.pttplc.com/th/award/index,,awarded,2026-09-08T05:00:30.846814+00:00
PTT,PTT-1191002144,จัดจ้างงาน Corrosion Pipe Rack บริเวณหน้า NGL&LPG Loading Pump GSP#4,,,,,,,,,,,,,,https://procurement.pttplc.com/th/award/index,,awarded,2026-09-08T05:00:30.846931+00:00
PTT,69079332407,จัดซื้อเครื่อง Automated External Defibrillator สำหรับใช้งานที่แท่น PRP,,,,,,,,,,,,,,https://procurement.pttplc.com/th/award/index,,awarded,2026-09-08T05:00:30.847049+00:00
PTT,69089292898,จ้างปลูกปรับปรุงระบบนิเวศป่าไม้ แปลงปลูกป่า PTT-NE-04-69 เนื้อที่ 400 ไร่ ตำบลโนนสะอาด อำเภอศรีบุญเรือง จังหวัดหนองบัวลำภู,,,,,,,,,,,,,,https://procurement.pttplc.com/th/award/index,,awarded,2026-09-08T05:00:30.847173+00:00
PTT,PTT-1191002008,จัดซื้อ Magnetic level gauge with transmitter สำหรับ REBOILER AGRU ใช้งานที่พื้นที่โรงแยกก๊าซฯหน่วยที่ 5 และโรงแยกก๊าซฯหน่วยที่ 6,,,,,,,,,,,,,,https://procurement.pttplc.com/th/award/index,,awarded,2026-09-08T05:00:30.847281+00:00
PTT,69089313789,จ้างรังวัดปักหลักหมายแนวเขตและปลูกป่า แปลงปลูกป่า PTT-NE-08-69 เนื้อที่ 670 ไร่ ตำบลสานตม อำเภอภูเรือ จังหวัดเลย,,,,,,,,,,,,,,https://procurement.pttplc.com/th/award/index,,awarded,2026-09-08T05:00:30.847397+00:00
PTT,PTT-1141000610,จัดซื้อพร้อมติดตั้งเครื่องปรับอากาศ Offshore Crane ERP,,,,,,,,,,,,,,https://procurement.pttplc.com/th/award/index,,awarded,2026-09-08T05:00:30.847527+00:00
PTT,PTT-1141000589,จัดซื้อพร้อมติดตั้งระบบ Online Moisture Analyzer (OMA) เพื่อทดแทนอุปกรณ์ชุดเดิมที่ชำรุด สำหรับ สถานี RATCHABURI M/R,,,,,,,,,,,,,,https://procurement.pttplc.com/th/award/index,,awarded,2026-09-08T05:00:30.847637+00:00
PTT,PTT-1191001091,จัดจ้างตรวจสอบและทำความสะอาดภายใน Liquid Separator 2 Unit ที่ Chana MR,,,,,,,,,,,,,,https://procurement.pttplc.com/th/award/index,,awarded,2026-09-08T05:00:30.847761+00:00
PTT,PTT-1141000541,จัดจ้างติดตั้งท่อส่งลม (Air Duct) เชื่อมต่อระหว่าง IE Workshop กับแท่น PRP เพื่อเพิ่มระบบสำรองในการทำความเย็น,,,,,,,,,,,,,,https://procurement.pttplc.com/th/award/index,,awarded,2026-09-08T05:00:30.847922+00:00
PTT,PTT-1141000464,จัดจ้าง PRP Major Orifice Metering Cleaning and Inspection,,,,,,,,,,,,,,https://procurement.pttplc.com/th/award/index,,awarded,2026-09-08T05:00:30.848111+00:00
PTT,PTT-1191001907,TA4 GSP6 2026 จัดจ้างเปิดตรวจสอบและทำความสะอาดภายในอุปกรณ์ Drum และ Filter ณ โรงแยกก๊าซธรรมชาติหน่วยที่ 6,,,,,,,,,,,,,,https://procurement.pttplc.com/th/award/index,,awarded,2026-09-08T05:00:30.848269+00:00
PTT,PTT-1121000739,จัดซื้ออุปกรณ์วัดคุณภาพ (Analyzer) สำหรับโครงการ WI Equalizer Network พื้นที่ส่วนปฏิบัติการผลิตระบบท่อส่งก๊าซธรรมชาติ,,,,,,,,,,,,,,https://procurement.pttplc.com/th/award/index,,awarded,2026-09-08T05:00:30.848372+00:00
PTT,PTT-1121000850,Hiring of Front-End Engineering Design (FEED) for Enclosed Ground Flare Integrated with Elevated Flares,,,,,,,,,,,,,,https://procurement.pttplc.com/th/award/index,,awarded,2026-09-08T05:00:30.848473+00:00
PTT,PTT-1121000659,จัดซื้อวาล์วควบคุม (Control Valve) สำหรับโครงการ WI Equalizer Network พื้นที่ส่วนปฏิบัติการผลิตระบบท่อส่งก๊าซธรรมชาติ,,,,,,,,,,,,,,https://procurement.pttplc.com/th/award/index,,awarded,2026-09-08T05:00:30.848597+00:00
PTT,PTT-1191002173,จัดจ้าง Rewinding MV Motor Tag No. 3601-1PM003 พื้นที่โรงแยกก๊าซธรรมชาติหน่วยที่ 6,,,,,,,,,,,,,,https://procurement.pttplc.com/th/award/index,,awarded,2026-09-08T05:00:30.848709+00:00
PTT,PTT-1111000906,ซื้อสิทธิ์การใช้งานระบบรักษาความปลอดภัยบนคลาวด์ Cloud Native Application Protection Platform (CNAPP) แบบเช่าใช้ (Subscription) ระยะเวลา 2 ปี,,,,,,,,,,,,,,https://procurement.pttplc.com/th/award/index,,awarded,2026-09-08T05:00:30.848824+00:00
PTT,PTT-1141000616,จัดซื้อรถ Forklift เพื่อใช้ทดแทนคันเดิมที่เสื่อมสภาพ,,,,,,,,,,,,,,https://procurement.pttplc.com/th/award/index,,awarded,2026-09-08T05:00:30.848961+00:00
PTT,69089280536,จ้างรังวัดปักหลักหมายแนวเขตและปลูกป่า แปลงปลูกป่า PTT-NE-10-69 เนื้อที่ 620 ไร่ ตำบลร่องจิก อำเภอภูเรือ จังหวัดเลย,,,,,,,,,,,,,,https://procurement.pttplc.com/th/award/index,,awarded,2026-09-08T05:00:30.849144+00:00
PTT,PTT-1161000176,งานจ้างจัดเตรียมและบริหารจัดการหน่วยพยาบาลประจำพื้นที่ โครงการก่อสร้างโรงแยกก๊าซธรรมชาติ หน่วยที่ 7,,,,,,,,,,,,,,https://procurement.pttplc.com/th/award/index,,awarded,2026-09-08T05:00:30.849274+00:00
PTT,69089077830,จ้างบำรุงรักษาป่าปีที่ 1 แปลงปลูกป่า PTT-N-31-67 แปลงที่ 3 เนื้อที่ 500 ไร่ ตำบลบ้านหวด อำเภองาว จังหวัดลำปาง,,,,,,,,,,,,,,https://procurement.pttplc.com/th/award/index,,awarded,2026-09-08T05:00:30.849393+00:00
PTT,69079467023,จ้างตรวจประเมินระบบการจัดการตามมาตรฐาน ISO14001 ของพื้นที่ ปตท. สำนักงานใหญ่ ปี 2569,,,,,,,,,,,,,,https://procurement.pttplc.com/th/award/index,,awarded,2026-09-08T05:00:30.849509+00:00
PTT,69089260177,"จ้างรังวัดปักหลักหมายแนวเขตและปลูกป่า แปลงปลูกป่า PTT-NE-09-69 เนื้อที่ 1,100 ไร่ ตำบลร่องจิก อำเภอภูเรือ จังหวัดเลย",,,,,,,,,,,,,,https://procurement.pttplc.com/th/award/index,,awarded,2026-09-08T05:00:30.849631+00:00
PTT,69089018324,"จ้างปลูกปรับปรุงระบบนิเวศป่าไม้ แปลงปลูกป่า PTT-N-12-69 เนื้อที่ 1,250 ไร่ ตำบลร้องกวาง อำเภอร้องกวาง จังหวัดแพร่",,,,,,,,,,,,,,https://procurement.pttplc.com/th/award/index,,awarded,2026-09-08T05:00:30.849766+00:00
PTT,PTT-1191001806,"TA4 GSP6 จัดจ้างซ่อมบำรุงและติดตั้ง Pipe Gusset, Support, Trunnion ณ โรงแยกก๊าซธรรมชาติหน่วยที่ 6",,,,,,,,,,,,,,https://procurement.pttplc.com/th/award/index,,awarded,2026-09-08T05:00:30.849877+00:00
PTT,PTT-1141000750,จัดซื้อ Standard Gas ปี 2569 (รอบ 2),,,,,,,,,,,,,,https://procurement.pttplc.com/th/award/index,,awarded,2026-09-08T05:00:30.849999+00:00
PTT,PTT-1141000601,จัดจ้างทำป้าย Stainless Steel PRP-ERP Safety Plan พร้อมติดตั้ง,,,,,,,,,,,,,,https://procurement.pttplc.com/th/award/index,,awarded,2026-09-08T05:00:30.850136+00:00
PTT,PTT-1141000577,จัดจ้างทำสีกำจัดสนิมและปรับปรุง Pipe support สถานีควบคุมความดันและวัดปริมาตรก๊าซเขต.1 ประจำปี 2569,,,,,,,,,,,,,,https://procurement.pttplc.com/th/award/index,,awarded,2026-09-08T05:00:30.850245+00:00
PTT,PTT-1141000555,งานจ้างตรวจสอบและทดสอบความดัน (Hydrostatic Test) ML3 ชุดถังบรรจุก๊าซ IG-541 ระบบ Fire Suppression ณ สถานีเพิ่มแรงดันก๊าซ KCS ตามวาระบำรุงรักษา,,,,,,,,,,,,,,https://procurement.pttplc.com/th/award/index,,awarded,2026-09-08T05:00:30.850352+00:00
PTT,PTT-1141000532,จัดจ้างตรวจสอบ Full Vault Inspection ซ่อมวาล์วในบ่อวาล์ว ปี 2569,,,,,,,,,,,,,,https://procurement.pttplc.com/th/award/index,,awarded,2026-09-08T05:00:30.850502+00:00
PTT,PTT-1111000885,Consultancy Service for the ERP Roll Out Assessment Project,,,,,,,,,,,,,,https://procurement.pttplc.com/th/award/index,,awarded,2026-09-08T05:00:30.850704+00:00
PTT,69089010209,จ้างตรวจประเมิน ISO 27001 version 2022 เพื่อคงไว้ซึ่งการรับรองระบบบริหารจัดการความมั่นคงปลอดภัยของสารสนเทศ,,,,,,,,,,,,,,https://procurement.pttplc.com/th/award/index,,awarded,2026-09-08T05:00:30.850819+00:00
PTT,69089084958,จ้างบำรุงรักษาป่าปีที่ 1 แปลงปลูกป่า PTT-N-31-67 แปลงที่ 4 เนื้อที่ 500 ไร่ ตำบลบ้านหวด อำเภองาว จังหวัดลำปาง,,,,,,,,,,,,,,https://procurement.pttplc.com/th/award/index,,awarded,2026-09-08T05:00:30.850936+00:00
PTT,69079466008,ซื้อจอภาพแบบ LED จำนวน 100 จอ,,,,,,,,,,,,,,https://procurement.pttplc.com/th/award/index,,awarded,2026-09-08T05:00:30.851066+00:00
PTT,69089088702,จ้างบำรุงรักษาป่าปีที่ 1 แปลงปลูกป่า PTT-N-30-67 เนื้อที่ 160 ไร่ ตำบลเสริมซ้าย อำเภอเสริมงาม จังหวัดลำปาง,,,,,,,,,,,,,,https://procurement.pttplc.com/th/award/index,,awarded,2026-09-08T05:00:30.851210+00:00
PTT,PTT-1191001872,"จัดจ้างตรวจสอบแก้ไขระบบ Lightning ของ Spherical Tank พื้นที่ GSP1, Tank Farm โรงแยกก๊าซธรรมชาติระยอง",,,,,,,,,,,,,,https://procurement.pttplc.com/th/award/index,,awarded,2026-09-08T05:00:30.851332+00:00
PTT,69089018255,จ้างดำเนินการฝึกอบรมหลักสูตร FA Academy 2026,,,,,,,,,,,,,,https://procurement.pttplc.com/th/award/index,,awarded,2026-09-08T05:00:30.851459+00:00
PTT,69079610175,จ้างปรับปรุงห้องทำงาน ผจ.ษท.,,,,,,,,,,,,,,https://procurement.pttplc.com/th/award/index,,awarded,2026-09-08T05:00:30.851612+00:00
PTT,PTT-1141000458,"HIRE AN CONSULTANT TO ASSESS ,STUDY AND CERTIFY THE MAOP AND PIPELINE LIFE EXTENSION OF FOUR PIPELINES INCLUDING RC0250 (34"",ECPPDPCU), RCO272 (24” GBS – 3RD PL), RC0660 (16"",BV20BV22) AND RC0650 (24"",BV9BV20)",,,,,,,,,,,,,,https://procurement.pttplc.com/th/award/index,,awarded,2026-09-08T05:00:30.851717+00:00
PTT,69079591150,จ้างประเมินตรวจสอบโครงสร้าง Skywalk และหอชมป่า ศูนย์เรียนรู้ป่าในกรุง,,,,,,,,,,,,,,https://procurement.pttplc.com/th/award/index,,awarded,2026-09-08T05:00:30.851844+00:00
PTT,69089058590,"จ้างบำรุงรักษาป่าปีที่ 1 แปลงปลูกป่า PTT-N-31-67 แปลงที่ 2 เนื้อที่ 3,500 ไร่ ตำบลบ้านหวด อำเภองาว จังหวัดลำปาง",,,,,,,,,,,,,,https://procurement.pttplc.com/th/award/index,,awarded,2026-09-08T05:00:30.852003+00:00
PTT,69089411092,"จ้างบำรุงรักษาป่า แปลงปลูกป่า PTT-NE-06-69 เนื้อที่ 1,745 ไร่ ตำบลเหล่าดอกไม้ อำเภอชื่นชม จังหวัดมหาสารคาม",,,,,,,,,,,,,,https://procurement.pttplc.com/th/award/index,,awarded,2026-09-08T05:00:30.852138+00:00
PTT,69079528930,งานจ้างติดตั้ง CCTV และ อุปกรณ์ประกอบ ภายในพื้นที่ ศูนย์ศึกษาเรียนรู้ระบบนิเวศป่าชายเลนสิรินาถราชินี,,,,,,,,,,,,,,https://procurement.pttplc.com/th/award/index,,awarded,2026-09-08T05:00:30.852287+00:00
PTT,PTT-1141000772,งานจ้างปรับปรุง Explosion proof Flood Light ภายใน BV,,,,,,,,,,,,,,https://procurement.pttplc.com/th/award/index,,awarded,2026-09-08T05:00:30.852407+00:00
PTT,69089319966,จัดซื้อสิทธิ์การเข้าถึงฐานข้อมูล Mercer Global Mobility Data ปี 2026-2027,,,,,,,,,,,,,,https://procurement.pttplc.com/th/award/index,,awarded,2026-09-08T05:00:30.852540+00:00
PTT,PTT-1141000569,จัดซื้อ Control valve สำหรับงานจ้างปรับปรุง SBMR ลดข้อจำกัด Inlet Pressure และ Pressure Drop ของระบบ,,,,,,,,,,,,,,https://procurement.pttplc.com/th/award/index,,awarded,2026-09-08T05:00:30.852678+00:00
PTT,PTT-1141000228,"High-Resolution Crack Detection with 3D Mapping Unit of PTT Onshore Natural Gas Pipeline Section RC0400 (28"", OCS1-BV6) 107.42 Km",,,,,,,,,,,,,,https://procurement.pttplc.com/th/award/index,,awarded,2026-09-08T05:00:30.852784+00:00
PTT,PTT-1141000728,"จัดซื้อพร้อมติดตั้งอุปกรณ์ปรับปรุง Power Quality ระบบไฟฟ้าของสถานีฯ  จำนวน 6 สถานีฯ ( BV13 BV14,BV15,BV17,BV18,BV,19)",,,,,,,,,,,,,,https://procurement.pttplc.com/th/award/index,,awarded,2026-09-08T05:00:30.852896+00:00
PTT,PTT-1191002081,จัดจ้างเจาะสำรวจ Wash Boring On Call ปี 2569,,,,,,,,,,,,,,https://procurement.pttplc.com/th/award/index,,awarded,2026-09-08T05:00:30.853031+00:00
PTT,PTT-1131000433,งานจัดหาและติดตั้งอุปกรณ์ผลิตไนโตรเจนจากอากาศ เพื่อปรับปรุงคุณภาพก๊าซสำหรับสถานีบริการ NGV แนวท่อ จำนวน 7 สถานี ปี 2569,,,,,,,,,,,,,,https://procurement.pttplc.com/th/award/index,,awarded,2026-09-08T05:00:30.853140+00:00
PTT,PTT-1161000234,งานจ้างที่ปรึกษาเพื่อดำเนินงานมวลชนสัมพันธ์ งานประชาสัมพันธ์ งานกระบวนการมีส่วนร่วมของประชาชน และงานด้านการดูแลรับผิดชอบต่อสังคม โครงการอารยะ เดอะอีสเทิร์นเกตเวย์ จังหวัดสมุทรปราการ,,,,,,,,,,,,,,https://procurement.pttplc.com/th/award/index,,awarded,2026-09-08T05:00:30.853256+00:00
PTT,PTT-1191002144,จัดจ้างงาน Corrosion Pipe Rack บริเวณหน้า NGL&LPG Loading Pump GSP#4,,,,,,,,,,,,,,https://procurement.pttplc.com/th/award/index,,awarded,2026-09-08T05:00:30.853371+00:00
PTT,69079332407,จัดซื้อเครื่อง Automated External Defibrillator สำหรับใช้งานที่แท่น PRP,,,,,,,,,,,,,,https://procurement.pttplc.com/th/award/index,,awarded,2026-09-08T05:00:30.853495+00:00
PTT,69089292898,จ้างปลูกปรับปรุงระบบนิเวศป่าไม้ แปลงปลูกป่า PTT-NE-04-69 เนื้อที่ 400 ไร่ ตำบลโนนสะอาด อำเภอศรีบุญเรือง จังหวัดหนองบัวลำภู,,,,,,,,,,,,,,https://procurement.pttplc.com/th/award/index,,awarded,2026-09-08T05:00:30.853611+00:00
PTT,PTT-1191002008,จัดซื้อ Magnetic level gauge with transmitter สำหรับ REBOILER AGRU ใช้งานที่พื้นที่โรงแยกก๊าซฯหน่วยที่ 5 และโรงแยกก๊าซฯหน่วยที่ 6,,,,,,,,,,,,,,https://procurement.pttplc.com/th/award/index,,awarded,2026-09-08T05:00:30.853713+00:00
PTT,69089313789,จ้างรังวัดปักหลักหมายแนวเขตและปลูกป่า แปลงปลูกป่า PTT-NE-08-69 เนื้อที่ 670 ไร่ ตำบลสานตม อำเภอภูเรือ จังหวัดเลย,,,,,,,,,,,,,,https://procurement.pttplc.com/th/award/index,,awarded,2026-09-08T05:00:30.853835+00:00
PTT,PTT-1141000610,จัดซื้อพร้อมติดตั้งเครื่องปรับอากาศ Offshore Crane ERP,,,,,,,,,,,,,,https://procurement.pttplc.com/th/award/index,,awarded,2026-09-08T05:00:30.853977+00:00
PTT,PTT-1141000589,จัดซื้อพร้อมติดตั้งระบบ Online Moisture Analyzer (OMA) เพื่อทดแทนอุปกรณ์ชุดเดิมที่ชำรุด สำหรับ สถานี RATCHABURI M/R,,,,,,,,,,,,,,https://procurement.pttplc.com/th/award/index,,awarded,2026-09-08T05:00:30.854088+00:00
PTT,PTT-1191001091,จัดจ้างตรวจสอบและทำความสะอาดภายใน Liquid Separator 2 Unit ที่ Chana MR,,,,,,,,,,,,,,https://procurement.pttplc.com/th/award/index,,awarded,2026-09-08T05:00:30.854200+00:00
PTT,PTT-1141000541,จัดจ้างติดตั้งท่อส่งลม (Air Duct) เชื่อมต่อระหว่าง IE Workshop กับแท่น PRP เพื่อเพิ่มระบบสำรองในการทำความเย็น,,,,,,,,,,,,,,https://procurement.pttplc.com/th/award/index,,awarded,2026-09-08T05:00:30.854359+00:00
PTT,PTT-1141000464,จัดจ้าง PRP Major Orifice Metering Cleaning and Inspection,,,,,,,,,,,,,,https://procurement.pttplc.com/th/award/index,,awarded,2026-09-08T05:00:30.854552+00:00
PTT,PTT-1191001907,TA4 GSP6 2026 จัดจ้างเปิดตรวจสอบและทำความสะอาดภายในอุปกรณ์ Drum และ Filter ณ โรงแยกก๊าซธรรมชาติหน่วยที่ 6,,,,,,,,,,,,,,https://procurement.pttplc.com/th/award/index,,awarded,2026-09-08T05:00:30.854712+00:00
PTT,PTT-1121000739,จัดซื้ออุปกรณ์วัดคุณภาพ (Analyzer) สำหรับโครงการ WI Equalizer Network พื้นที่ส่วนปฏิบัติการผลิตระบบท่อส่งก๊าซธรรมชาติ,,,,,,,,,,,,,,https://procurement.pttplc.com/th/award/index,,awarded,2026-09-08T05:00:30.854830+00:00
PTT,PTT-1121000850,Hiring of Front-End Engineering Design (FEED) for Enclosed Ground Flare Integrated with Elevated Flares,,,,,,,,,,,,,,https://procurement.pttplc.com/th/award/index,,awarded,2026-09-08T05:00:30.854936+00:00
PTT,PTT-1121000659,จัดซื้อวาล์วควบคุม (Control Valve) สำหรับโครงการ WI Equalizer Network พื้นที่ส่วนปฏิบัติการผลิตระบบท่อส่งก๊าซธรรมชาติ,,,,,,,,,,,,,,https://procurement.pttplc.com/th/award/index,,awarded,2026-09-08T05:00:30.855055+00:00
PTT,PTT-1191002173,จัดจ้าง Rewinding MV Motor Tag No. 3601-1PM003 พื้นที่โรงแยกก๊าซธรรมชาติหน่วยที่ 6,,,,,,,,,,,,,,https://procurement.pttplc.com/th/award/index,,awarded,2026-09-08T05:00:30.855177+00:00
PTT,PTT-1111000906,ซื้อสิทธิ์การใช้งานระบบรักษาความปลอดภัยบนคลาวด์ Cloud Native Application Protection Platform (CNAPP) แบบเช่าใช้ (Subscription) ระยะเวลา 2 ปี,,,,,,,,,,,,,,https://procurement.pttplc.com/th/award/index,,awarded,2026-09-08T05:00:30.855295+00:00
PTT,PTT-1141000616,จัดซื้อรถ Forklift เพื่อใช้ทดแทนคันเดิมที่เสื่อมสภาพ,,,,,,,,,,,,,,https://procurement.pttplc.com/th/award/index,,awarded,2026-09-08T05:00:30.855427+00:00
PTT,69089280536,จ้างรังวัดปักหลักหมายแนวเขตและปลูกป่า แปลงปลูกป่า PTT-NE-10-69 เนื้อที่ 620 ไร่ ตำบลร่องจิก อำเภอภูเรือ จังหวัดเลย,,,,,,,,,,,,,,https://procurement.pttplc.com/th/award/index,,awarded,2026-09-08T05:00:30.855615+00:00
PTT,PTT-1161000176,งานจ้างจัดเตรียมและบริหารจัดการหน่วยพยาบาลประจำพื้นที่ โครงการก่อสร้างโรงแยกก๊าซธรรมชาติ หน่วยที่ 7,,,,,,,,,,,,,,https://procurement.pttplc.com/th/award/index,,awarded,2026-09-08T05:00:30.855762+00:00
PTT,69089077830,จ้างบำรุงรักษาป่าปีที่ 1 แปลงปลูกป่า PTT-N-31-67 แปลงที่ 3 เนื้อที่ 500 ไร่ ตำบลบ้านหวด อำเภองาว จังหวัดลำปาง,,,,,,,,,,,,,,https://procurement.pttplc.com/th/award/index,,awarded,2026-09-08T05:00:30.855880+00:00
PTT,69079467023,จ้างตรวจประเมินระบบการจัดการตามมาตรฐาน ISO14001 ของพื้นที่ ปตท. สำนักงานใหญ่ ปี 2569,,,,,,,,,,,,,,https://procurement.pttplc.com/th/award/index,,awarded,2026-09-08T05:00:30.856000+00:00
PTT,69089260177,"จ้างรังวัดปักหลักหมายแนวเขตและปลูกป่า แปลงปลูกป่า PTT-NE-09-69 เนื้อที่ 1,100 ไร่ ตำบลร่องจิก อำเภอภูเรือ จังหวัดเลย",,,,,,,,,,,,,,https://procurement.pttplc.com/th/award/index,,awarded,2026-09-08T05:00:30.856119+00:00
PTT,69089018324,"จ้างปลูกปรับปรุงระบบนิเวศป่าไม้ แปลงปลูกป่า PTT-N-12-69 เนื้อที่ 1,250 ไร่ ตำบลร้องกวาง อำเภอร้องกวาง จังหวัดแพร่",,,,,,,,,,,,,,https://procurement.pttplc.com/th/award/index,,awarded,2026-09-08T05:00:30.856256+00:00
PTT,PTT-1191001806,"TA4 GSP6 จัดจ้างซ่อมบำรุงและติดตั้ง Pipe Gusset, Support, Trunnion ณ โรงแยกก๊าซธรรมชาติหน่วยที่ 6",,,,,,,,,,,,,,https://procurement.pttplc.com/th/award/index,,awarded,2026-09-08T05:00:30.856368+00:00
PTT,PTT-1141000750,จัดซื้อ Standard Gas ปี 2569 (รอบ 2),,,,,,,,,,,,,,https://procurement.pttplc.com/th/award/index,,awarded,2026-09-08T05:00:30.856489+00:00
PTT,PTT-1141000601,จัดจ้างทำป้าย Stainless Steel PRP-ERP Safety Plan พร้อมติดตั้ง,,,,,,,,,,,,,,https://procurement.pttplc.com/th/award/index,,awarded,2026-09-08T05:00:30.856623+00:00
PTT,PTT-1141000577,จัดจ้างทำสีกำจัดสนิมและปรับปรุง Pipe support สถานีควบคุมความดันและวัดปริมาตรก๊าซเขต.1 ประจำปี 2569,,,,,,,,,,,,,,https://procurement.pttplc.com/th/award/index,,awarded,2026-09-08T05:00:30.856726+00:00
PTT,PTT-1141000555,งานจ้างตรวจสอบและทดสอบความดัน (Hydrostatic Test) ML3 ชุดถังบรรจุก๊าซ IG-541 ระบบ Fire Suppression ณ สถานีเพิ่มแรงดันก๊าซ KCS ตามวาระบำรุงรักษา,,,,,,,,,,,,,,https://procurement.pttplc.com/th/award/index,,awarded,2026-09-08T05:00:30.856838+00:00
PTT,PTT-1141000532,จัดจ้างตรวจสอบ Full Vault Inspection ซ่อมวาล์วในบ่อวาล์ว ปี 2569,,,,,,,,,,,,,,https://procurement.pttplc.com/th/award/index,,awarded,2026-09-08T05:00:30.856978+00:00
PTT,PTT-1111000885,Consultancy Service for the ERP Roll Out Assessment Project,,,,,,,,,,,,,,https://procurement.pttplc.com/th/award/index,,awarded,2026-09-08T05:00:30.857171+00:00
PTT,69089010209,จ้างตรวจประเมิน ISO 27001 version 2022 เพื่อคงไว้ซึ่งการรับรองระบบบริหารจัดการความมั่นคงปลอดภัยของสารสนเทศ,,,,,,,,,,,,,,https://procurement.pttplc.com/th/award/index,,awarded,2026-09-08T05:00:30.857292+00:00
PTT,69089084958,จ้างบำรุงรักษาป่าปีที่ 1 แปลงปลูกป่า PTT-N-31-67 แปลงที่ 4 เนื้อที่ 500 ไร่ ตำบลบ้านหวด อำเภองาว จังหวัดลำปาง,,,,,,,,,,,,,,https://procurement.pttplc.com/th/award/index,,awarded,2026-09-08T05:00:30.857402+00:00
PTT,69079466008,ซื้อจอภาพแบบ LED จำนวน 100 จอ,,,,,,,,,,,,,,https://procurement.pttplc.com/th/award/index,,awarded,2026-09-08T05:00:30.857528+00:00
PTT,69089088702,จ้างบำรุงรักษาป่าปีที่ 1 แปลงปลูกป่า PTT-N-30-67 เนื้อที่ 160 ไร่ ตำบลเสริมซ้าย อำเภอเสริมงาม จังหวัดลำปาง,,,,,,,,,,,,,,https://procurement.pttplc.com/th/award/index,,awarded,2026-09-08T05:00:30.857663+00:00
PTT,PTT-1191001872,"จัดจ้างตรวจสอบแก้ไขระบบ Lightning ของ Spherical Tank พื้นที่ GSP1, Tank Farm โรงแยกก๊าซธรรมชาติระยอง",,,,,,,,,,,,,,https://procurement.pttplc.com/th/award/index,,awarded,2026-09-08T05:00:30.857771+00:00
PTT,69089018255,จ้างดำเนินการฝึกอบรมหลักสูตร FA Academy 2026,,,,,,,,,,,,,,https://procurement.pttplc.com/th/award/index,,awarded,2026-09-08T05:00:30.857897+00:00
PTT,69079610175,จ้างปรับปรุงห้องทำงาน ผจ.ษท.,,,,,,,,,,,,,,https://procurement.pttplc.com/th/award/index,,awarded,2026-09-08T05:00:30.858040+00:00
PTT,PTT-1141000458,"HIRE AN CONSULTANT TO ASSESS ,STUDY AND CERTIFY THE MAOP AND PIPELINE LIFE EXTENSION OF FOUR PIPELINES INCLUDING RC0250 (34"",ECPPDPCU), RCO272 (24” GBS – 3RD PL), RC0660 (16"",BV20BV22) AND RC0650 (24"",BV9BV20)",,,,,,,,,,,,,,https://procurement.pttplc.com/th/award/index,,awarded,2026-09-08T05:00:30.858144+00:00
PTT,69079213418,จ้างจัดทำแบบสำรวจ EE PVP SPIRIT LO ประจำปี 2569,,,,,,,,,,,,,,https://procurement.pttplc.com/th/award/index,,awarded,2026-09-08T05:00:33.881773+00:00
PTT,69089104793,จ้างรังวัดปักหลักหมายแนวเขตและปลูกป่า แปลงปลูกป่า PTT-W-07-69 เนื้อที่ 420 ไร่ ตำบลกลัดหลวง อำเภอท่ายาง จังหวัดเพชรบุรี,,,,,,,,,,,,,,https://procurement.pttplc.com/th/award/index,,awarded,2026-09-08T05:00:33.881982+00:00
PTT,69089084886,จ้างบำรุงรักษาป่าปีที่ 1 แปลงปลูกป่า PTT-N-31-67 แปลงที่ 6 เนื้อที่ 400 ไร่ ตำบลบ้านหวด อำเภองาว จังหวัดลำปาง,,,,,,,,,,,,,,https://procurement.pttplc.com/th/award/index,,awarded,2026-09-08T05:00:33.882128+00:00
PTT,69069357701,จ้างบริการด้านอาชีวอนามัยของแพทย์อาชีวเวชศาสตร์ ปี 2569,,,,,,,,,,,,,,https://procurement.pttplc.com/th/award/index,,awarded,2026-09-08T05:00:33.882262+00:00
PTT,69089063975,จ้างบำรุงรักษาป่าปีที่ 1 แปลงปลูกป่า PTT-N-31-67 แปลงที่ 7 เนื้อที่ 400 ไร่ ตำบลบ้านหวด อำเภองาว จังหวัดลำปาง,,,,,,,,,,,,,,https://procurement.pttplc.com/th/award/index,,awarded,2026-09-08T05:00:33.882442+00:00
PTT,69089060839,จ้างบำรุงรักษาป่าปีที่ 1 แปลงปลูกป่า PTT-N-31-67 แปลงที่ 5 เนื้อที่ 500 ไร่ ตำบลบ้านหวด อำเภองาว จังหวัดลำปาง,,,,,,,,,,,,,,https://procurement.pttplc.com/th/award/index,,awarded,2026-09-08T05:00:33.882544+00:00
PTT,69089035031,จ้างบำรุงรักษาป่าปีที่ 3 แปลงปลูกป่า PTT-N-03-66 เนื้อที่ 100 ไร่ ตำบลบ้านเหล่า อำเภอสูงเม่น จังหวัดแพร่,,,,,,,,,,,,,,https://procurement.pttplc.com/th/award/index,,awarded,2026-09-08T05:00:33.882646+00:00
PTT,69089136016,จ้างบำรุงรักษาป่าปีที่ 1 แปลงปลูกป่า PTT-N-29-67 เนื้อที่ 371 ไร่ ตำบลนายาง อำเภอสบปราบ จังหวัดลำปาง,,,,,,,,,,,,,,https://procurement.pttplc.com/th/award/index,,awarded,2026-09-08T05:00:33.882757+00:00
PTT,69089079206,จ้างปลูกปรับปรุงระบบนิเวศป่าไม้ แปลงปลูกป่า PTT-N-26-67 แปลงย่อยที่ 1 เนื้อที่ 400 ไร่ ตำบลบ้านร้อง อำเภองาว จังหวัดลำปาง,,,,,,,,,,,,,,https://procurement.pttplc.com/th/award/index,,awarded,2026-09-08T05:00:33.882859+00:00
PTT,PTT-1121000851,จัดจ้างผลิตและติดตั้ง Acid off Gas Inlet RTO GSP-5,,,,,,,,,,,,,,https://procurement.pttplc.com/th/award/index,,awarded,2026-09-08T05:00:33.882967+00:00
PTT,PTT-1121000819,จัดจ้างเปิดตรวจสอบและทำความสะอาด SCR 3508-F-06,,,,,,,,,,,,,,https://procurement.pttplc.com/th/award/index,,awarded,2026-09-08T05:00:33.883084+00:00
PTT,69079332821,งานปรับปรุงประตูบานเลื่อน มอเตอร์ และส่วนควบ สิงห์บุรีประจำปี 2569,,,,,,,,,,,,,,https://procurement.pttplc.com/th/award/index,,awarded,2026-09-08T05:00:33.883193+00:00
PTT,69089061255,จ้างเหมาเพื่อมุ่งความสำเร็จของงานทำความสะอาดในเขตกระบวนการผลิตสนับสนุนงานซ่อมบำรุงใหญ่ Turnaround GSP6 ปี 2569,,,,,,,,,,,,,,https://procurement.pttplc.com/th/award/index,,awarded,2026-09-08T05:00:33.883294+00:00
PTT,69079569073,จ้างเหมาจัดงานสัมมนาสายงาน รศล.,,,,,,,,,,,,,,https://procurement.pttplc.com/th/award/index,,awarded,2026-09-08T05:00:33.883402+00:00
PTT,69079569981,จ้าง IBM Authorized Software Asset Management Provider (IASP) สำหรับโครงการ IBM Client Value Acceleration (CVA) Program ประจำปี 2569,,,,,,,,,,,,,,https://procurement.pttplc.com/th/award/index,,awarded,2026-09-08T05:00:33.883536+00:00
PTT,PTT-1121000844,TA4 GSP6 2026 จัดซื้อ Gasket สำหรับอุปกรณ์ Process Heat Exchanger,,,,,,,,,,,,,,https://procurement.pttplc.com/th/award/index,,awarded,2026-09-08T05:00:33.883659+00:00
PTT,PTT-1141000480,"จัดจ้างซ่อมแซมกล้อง AI Camera ตามแนวท่อ ฯ แบบ On-call service ในพื้นที่ ปท.1, ปท.6, ปท.9 และศูนย์ปฏิบัติการชลบุรีปี 2569",,,,,,,,,,,,,,https://procurement.pttplc.com/th/award/index,,awarded,2026-09-08T05:00:33.883789+00:00
PTT,69079213418,จ้างจัดทำแบบสำรวจ EE PVP SPIRIT LO ประจำปี 2569,,,,,,,,,,,,,,https://procurement.pttplc.com/th/award/index,,awarded,2026-09-08T05:00:33.883978+00:00
PTT,69089104793,จ้างรังวัดปักหลักหมายแนวเขตและปลูกป่า แปลงปลูกป่า PTT-W-07-69 เนื้อที่ 420 ไร่ ตำบลกลัดหลวง อำเภอท่ายาง จังหวัดเพชรบุรี,,,,,,,,,,,,,,https://procurement.pttplc.com/th/award/index,,awarded,2026-09-08T05:00:33.884190+00:00
PTT,69089084886,จ้างบำรุงรักษาป่าปีที่ 1 แปลงปลูกป่า PTT-N-31-67 แปลงที่ 6 เนื้อที่ 400 ไร่ ตำบลบ้านหวด อำเภองาว จังหวัดลำปาง,,,,,,,,,,,,,,https://procurement.pttplc.com/th/award/index,,awarded,2026-09-08T05:00:33.884322+00:00
PTT,69069357701,จ้างบริการด้านอาชีวอนามัยของแพทย์อาชีวเวชศาสตร์ ปี 2569,,,,,,,,,,,,,,https://procurement.pttplc.com/th/award/index,,awarded,2026-09-08T05:00:33.884447+00:00
PTT,69089063975,จ้างบำรุงรักษาป่าปีที่ 1 แปลงปลูกป่า PTT-N-31-67 แปลงที่ 7 เนื้อที่ 400 ไร่ ตำบลบ้านหวด อำเภองาว จังหวัดลำปาง,,,,,,,,,,,,,,https://procurement.pttplc.com/th/award/index,,awarded,2026-09-08T05:00:33.884637+00:00
PTT,69089060839,จ้างบำรุงรักษาป่าปีที่ 1 แปลงปลูกป่า PTT-N-31-67 แปลงที่ 5 เนื้อที่ 500 ไร่ ตำบลบ้านหวด อำเภองาว จังหวัดลำปาง,,,,,,,,,,,,,,https://procurement.pttplc.com/th/award/index,,awarded,2026-09-08T05:00:33.884748+00:00
PTT,69089035031,จ้างบำรุงรักษาป่าปีที่ 3 แปลงปลูกป่า PTT-N-03-66 เนื้อที่ 100 ไร่ ตำบลบ้านเหล่า อำเภอสูงเม่น จังหวัดแพร่,,,,,,,,,,,,,,https://procurement.pttplc.com/th/award/index,,awarded,2026-09-08T05:00:33.884851+00:00
PTT,69089136016,จ้างบำรุงรักษาป่าปีที่ 1 แปลงปลูกป่า PTT-N-29-67 เนื้อที่ 371 ไร่ ตำบลนายาง อำเภอสบปราบ จังหวัดลำปาง,,,,,,,,,,,,,,https://procurement.pttplc.com/th/award/index,,awarded,2026-09-08T05:00:33.884966+00:00
PTT,69089079206,จ้างปลูกปรับปรุงระบบนิเวศป่าไม้ แปลงปลูกป่า PTT-N-26-67 แปลงย่อยที่ 1 เนื้อที่ 400 ไร่ ตำบลบ้านร้อง อำเภองาว จังหวัดลำปาง,,,,,,,,,,,,,,https://procurement.pttplc.com/th/award/index,,awarded,2026-09-08T05:00:33.885080+00:00
PTT,PTT-1121000851,จัดจ้างผลิตและติดตั้ง Acid off Gas Inlet RTO GSP-5,,,,,,,,,,,,,,https://procurement.pttplc.com/th/award/index,,awarded,2026-09-08T05:00:33.885184+00:00
PTT,PTT-1121000819,จัดจ้างเปิดตรวจสอบและทำความสะอาด SCR 3508-F-06,,,,,,,,,,,,,,https://procurement.pttplc.com/th/award/index,,awarded,2026-09-08T05:00:33.885280+00:00
PTT,69079332821,งานปรับปรุงประตูบานเลื่อน มอเตอร์ และส่วนควบ สิงห์บุรีประจำปี 2569,,,,,,,,,,,,,,https://procurement.pttplc.com/th/award/index,,awarded,2026-09-08T05:00:33.885381+00:00
PTT,69089061255,จ้างเหมาเพื่อมุ่งความสำเร็จของงานทำความสะอาดในเขตกระบวนการผลิตสนับสนุนงานซ่อมบำรุงใหญ่ Turnaround GSP6 ปี 2569,,,,,,,,,,,,,,https://procurement.pttplc.com/th/award/index,,awarded,2026-09-08T05:00:33.885482+00:00
PTT,69079569073,จ้างเหมาจัดงานสัมมนาสายงาน รศล.,,,,,,,,,,,,,,https://procurement.pttplc.com/th/award/index,,awarded,2026-09-08T05:00:33.885591+00:00
PTT,69079569981,จ้าง IBM Authorized Software Asset Management Provider (IASP) สำหรับโครงการ IBM Client Value Acceleration (CVA) Program ประจำปี 2569,,,,,,,,,,,,,,https://procurement.pttplc.com/th/award/index,,awarded,2026-09-08T05:00:33.885730+00:00
PTT,PTT-1121000844,TA4 GSP6 2026 จัดซื้อ Gasket สำหรับอุปกรณ์ Process Heat Exchanger,,,,,,,,,,,,,,https://procurement.pttplc.com/th/award/index,,awarded,2026-09-08T05:00:33.885860+00:00
PTT,PTT-1141000480,"จัดจ้างซ่อมแซมกล้อง AI Camera ตามแนวท่อ ฯ แบบ On-call service ในพื้นที่ ปท.1, ปท.6, ปท.9 และศูนย์ปฏิบัติการชลบุรีปี 2569",,,,,,,,,,,,,,https://procurement.pttplc.com/th/award/index,,awarded,2026-09-08T05:00:33.885983+00:00
